f1c1,f1c2,Phase
SOURCE_T6662B05,3000,ABC
1059136251,1,ABC
1033807501,2,ABC
1171803225,3,ABC
1171803224,4,ABC
1033714201,5,ABC
1033714207,6,ABC
1033807251,7,ABC
1033714202,8,ABC
1033806480,9,ABC
1033806481,10,ABC
1033715757,13,ABC
1033807136,14,ABC
1033715226,15,AC
1033715227,16,A
1031632022,17,C
1031512651,18,C
1031562874,19,C
1034158366,20,C
1031725623,21,C
1031651153,22,C
1034123688,23,C
1031651580,24,C
1034180195,25,C
1031650862,26,C
1031576871,27,A
1031747049,28,A
1031511627,29,ABC
1031574216,30,ABC
1031561820,31,ABC
1031709030,32,C
1034258355,33,C
1031708042,34,ABC
1031599272,35,ABC
1034000196,36,ABC
1033950156,37,ABC
1033950167,38,ABC
1478226872,39,ABC
1034156960,40,ABC
1031835422,41,ABC
1031472503,42,ABC
1034157846,43,ABC
1031510512,44,AC
1031652751,45,AC
1031724702,46,C
1031601924,47,C
1031563236,50,C
1034183990,51,C
1031725204,52,C
1031460528,53,C
1034180476,54,AB
1034210455,55,AB
1031473960,56,ABC
1034123513,57,ABC
1034123772,58,ABC
1034155925,59,ABC
1031525720,60,C
1034155871,61,C
1031323238,62,ABC
1034155726,63,ABC
1031797590,64,ABC
1033887419,65,ABC
1032623962,68,ABC
1031651256,69,ABC
1034003522,70,ABC
1031602534,71,ABC
1031577419,72,C
1034021363,73,ABC
1058940246,74,B
1031653487,75,B
1034003642,76,ABC
1031748092,77,ABC
1059278319,78,C
1034155705,79,C
1034156546,80,BC
1031510041,81,BC
1034123387,82,C
1031746781,83,C
1031524007,84,ABC
1031431507,85,ABC
1034002982,86,ABC
1034158215,87,A
1031798517,88,A
1034123347,89,C
1031576738,90,C
1058834912,91,C
1031779902,92,C
1034183746,93,C
1031631198,94,ABC
1034425955,95,A
1031745175,96,ABC
1031322748,97,ABC
1033887420,98,ABC
1034000227,99,ABC
1031782947,100,AB
1031726996,101,AB
1034002987,102,ABC
1034003567,103,ABC
1031749112,104,C
1031707461,105,C
1059134403,106,B
1031430176,107,B
1058984045,108,C
1031560956,109,C
1034158226,110,ABC
1031747002,111,ABC
1031471206,112,C
1031473868,113,C
1031513133,114,ABC
1031654462,115,ABC
1031561078,116,ABC
1031321431,117,ABC
1058986199,118,ABC
1031525873,119,ABC
1031561428,120,BC
1034021393,121,BC
1034183785,122,A
1031510626,123,A
1031574967,124,B
1031835729,125,B
1031525134,126,AB
1031512315,127,AB
1031322463,128,AB
1034180481,129,AB
1034158185,130,ABC
1031799942,131,ABC
1031574826,132,ABC
1031629308,133,ABC
1031779874,134,ABC
1034182685,135,ABC
1031727094,136,C
1034158221,137,C
1031746697,138,ABC
1031429597,139,ABC
1059238770,140,AB
1031459779,141,AB
1031725899,142,C
1031632974,143,C
1034184041,144,B
1031682260,145,B
1034156521,146,ABC
1031322058,147,ABC
1034180486,148,C
1034180490,149,C
1034156530,150,ABC
1034156515,151,ABC
1031511343,152,ABC
1034157911,153,ABC
1031924128,154,ABC
1031748854,155,C
1031430309,156,ABC
1034123558,157,ABC
1033950166,158,ABC
1031780658,159,ABC
1031653925,160,ABC
1031509016,161,B
1034158231,162,B
1031458999,163,B
1031512934,164,B
1031601409,165,C
1031523624,166,C
1034156560,167,C
1031682232,168,C
1031249100,169,ABC
1034211140,170,ABC
1034180256,171,AC
1031710025,172,AC
1031710012,173,ABC
1033914374,174,ABC
1058835909,175,A
1034180400,176,A
1031511707,177,C
1031458738,178,C
1031708891,179,AB
1031684731,180,A
1031471169,181,ABC
1031460915,182,ABC
1034123447,185,B
1031577216,186,B
1034210074,187,C
1031560728,188,C
1034183625,189,ABC
1031924140,190,A
1031651902,191,ABC
1034180300,192,ABC
1034155906,193,ABC
1031800199,194,C
1031800850,195,ABC
1034157066,196,ABC
1031603012,197,C
1031923353,198,C
1034123523,199,C
1034157790,200,C
1034003452,201,ABC
1034003537,202,ABC
1034003656,203,ABC
1031249289,204,B
1031599246,205,B
1031473377,206,ABC
1476938713,207,ABC
1031631775,208,ABC
1031746440,209,BC
1031652366,210,BC
1031471549,211,C
1034183441,212,C
1031651482,213,B
1034021927,214,B
1031746187,215,A
1031709846,216,A
1031923460,217,ABC
1034155826,218,A
1031708128,219,A
1031249322,220,B
1031474067,221,B
1034180410,222,B
1031724368,223,B
1031798132,224,B
1031632892,225,B
1034002867,226,ABC
1031474111,227,ABC
1034123552,228,ABC
1031799606,229,ABC
1032623971,230,B
1034156680,231,B
1031682254,232,ABC
1031684656,233,ABC
1034180470,234,AB
1031522180,235,AB
1034180215,236,ABC
1034156635,237,ABC
1031726361,238,C
1034002947,239,C
1031600942,240,ABC
1031800816,241,ABC
1031599222,242,ABC
1031601577,243,ABC
1034003466,244,ABC
1031603157,245,ABC
1031458281,246,ABC
1031651442,247,BC
1034155975,248,C
1031522348,249,C
1244483521,250,ABC
1034180346,251,ABC
1034123627,252,C
1034123628,253,C
1031431002,254,C
1034157781,255,C
1034183706,256,C
1031249094,257,ABC
1034155940,258,ABC
1059089016,259,ABC
1031797917,260,ABC
1034179856,261,C
1031726287,262,C
1034184110,263,AB
1031709583,264,ABC
1034155916,265,ABC
1031632414,266,ABC
1058892537,267,B
1034123443,268,B
1034180426,269,AB
1031431399,270,AB
1034021427,271,B
1034021428,272,B
1034180220,273,ABC
1031748250,274,ABC
1058942087,275,B
1059023899,276,A
1031724464,277,A
1034003526,278,ABC
1034003521,279,ABC
1031747167,280,ABC
1034157110,281,ABC
1059639716,282,ABC
1031321313,283,ABC
1059280948,284,ABC
1031575123,285,ABC
1034155730,286,ABC
1031474496,287,ABC
1031798844,288,ABC
1034021287,289,ABC
1034003551,290,ABC
1034021958,291,BC
1031726547,292,BC
1034343992,293,C
1031324185,294,C
1031631940,295,C
1031798561,296,C
1034180440,297,AB
1031782308,298,C
1031575980,299,C
1031524455,300,B
1031564088,301,B
1058982061,302,B
1031249292,303,B
1031681206,304,ABC
1034021222,305,ABC
1034157901,306,ABC
1031474237,307,ABC
1034156020,308,ABC
1034156021,309,ABC
1031575515,310,ABC
1034123403,311,ABC
1157610904,312,C
1034157465,313,C
1034123353,314,C
1031458336,315,C
1034184115,316,AB
1034180445,317,AB
1034155731,318,ABC
1034155746,319,B
1034123657,320,ABC
1031748169,321,ABC
1031322568,322,ABC
1031470676,323,ABC
1034155861,324,AC
1031470627,325,AC
1033854685,326,ABC
1031577328,327,ABC
1031522663,328,C
1034158295,329,C
1031574402,330,C
1031512152,331,C
1034123717,332,ABC
1059639573,333,ABC
1031630393,334,C
1031429015,335,C
1031799480,336,ABC
1031430004,337,ABC
1031471335,340,C
1034180241,341,C
1031249055,342,AB
1034156686,343,AB
1034157930,344,ABC
1034156706,345,A
1034158176,346,A
1031631058,347,B
1031602762,348,B
1031800057,349,AB
1031630080,350,AB
1058983180,351,BC
1031629425,352,BC
1031321279,353,ABC
1031512843,354,ABC
1034003472,355,ABC
1031573625,356,B
1031564216,357,B
1033951661,358,ABC
1033950351,359,ABC
1031651685,360,A
1034123543,361,A
1031509838,362,ABC
1031427796,363,B
1031511910,364,B
1031653981,365,C
1031322550,366,A
1031800011,367,A
1059087298,368,ABC
1033914369,369,ABC
1031249331,370,ABC
1478802394,371,ABC
1034156581,372,ABC
1034155710,373,ABC
1034123417,374,C
1059238812,375,C
1031573475,376,C
1031459134,377,C
1031323102,378,C
1034180395,379,C
1034158315,380,C
1034123607,381,C
1034123608,382,C
1034155921,383,ABC
1031654415,384,ABC
1034003491,385,ABC
1031249028,386,ABC
1031725147,387,B
1031599358,388,B
1031799558,389,A
1034157050,390,ABC
1034157045,391,ABC
1033914364,392,ABC
1031563357,393,C
1034002932,394,C
1031322742,395,ABC
1384858060,396,ABC
1031511863,397,AC
1031510435,398,AC
1034123642,399,ABC
1034123643,400,ABC
1031797943,401,A
1031745950,402,A
1034021903,403,B
1031458420,404,AB
1034156691,405,AB
1031683424,406,ABC
1034003572,407,ABC
1034002896,408,ABC
1031602491,409,ABC
1031460259,410,ABC
1034123432,411,ABC
1034210145,412,ABC
1031563325,413,B
1031707268,414,B
1058894329,415,AB
1031576204,416,B
1031682300,417,B
1031708927,418,ABC
1031631467,419,ABC
1031428169,420,B
1031460551,421,ABC
1031798286,422,ABC
1031249316,423,ABC
1033914344,424,ABC
1058985461,425,B
1031799850,426,ABC
1034180235,427,C
1031428186,428,A
1031473666,429,C
1031524030,430,B
1031560991,431,B
1033950171,432,ABC
1033950172,433,ABC
1031513179,434,ABC
1031577431,435,ABC
1034156100,436,C
1031523825,437,C
1034003636,438,ABC
1059089215,439,C
1031745640,440,C
1034002937,441,C
1031474370,442,C
1031745936,443,ABC
1034156751,444,ABC
1031631139,445,AB
1031563429,446,AB
1031470982,447,A
1031745439,448,A
1031249073,449,ABC
1031680903,450,ABC
1059640014,451,ABC
1031249106,452,ABC
1031796854,453,ABC
1031631751,454,ABC
1034158260,455,AC
1034155800,456,ABC
1034155801,457,ABC
1034021343,458,ABC
1034021367,459,ABC
1034157776,460,C
1031523186,461,B
1031577212,462,B
1034021988,463,ABC
1034156866,464,ABC
1031683844,465,C
1031524159,466,A
1031461319,467,A
1031800220,468,C
1031430758,469,C
1031726352,470,AB
1032623968,471,AB
1031629208,472,AB
1034002926,473,BC
1034002927,474,BC
1033887504,475,ABC
1033887505,476,ABC
1031431088,477,ABC
1031461122,478,ABC
1034123768,479,A
1034180466,480,A
1034156745,481,C
1031575384,482,C
1034123407,483,C
1031629733,484,C
1058939567,485,AB
1031430291,486,AB
1031601082,487,ABC
1031630444,488,ABC
1034179846,489,C
1031651753,490,C
1031576593,491,B
1031574511,492,B
1031460682,493,ABC
1031710039,494,ABC
1034157145,495,C
1031472921,496,C
1058983534,497,C
1031653327,498,C
1034155696,499,B
1031798799,500,B
1034157931,501,ABC
1031709795,502,ABC
1031430386,503,A
1031472550,504,A
1034156555,505,B
1033917313,506,ABC
1031322637,507,ABC
1059086548,508,C
1034180315,509,C
1034155816,510,A
1031653836,511,A
1031706873,512,B
1034155836,513,ABC
1031780487,514,A
1034156046,515,A
1031747340,516,ABC
1031576306,517,ABC
1034002877,518,AB
1031632062,519,AB
1034002882,520,AB
1031526041,521,C
1031780329,522,C
1031781837,523,ABC
1031522068,524,ABC
1031799235,525,ABC
1031321349,526,ABC
1031724361,527,BC
1034156465,528,BC
1031725488,529,B
1031471104,530,ABC
1031458780,531,ABC
1031249286,532,B
1031562722,533,B
1031430438,534,ABC
1031683992,535,ABC
1031427895,536,ABC
1059133338,537,ABC
1031510332,538,ABC
1034157916,539,ABC
1031474091,540,ABC
1031631151,541,ABC
1059280047,542,ABC
1031600870,543,ABC
1031780418,544,ABC
1034158335,545,ABC
1031511550,546,B
1031652712,547,A
1059021993,548,ABC
1031651652,549,ABC
1031577660,550,ABC
1031748301,551,ABC
1031603436,552,AB
1034210209,553,AB
1031680975,554,ABC
1031799023,555,AB
1034123703,556,C
1034123708,557,C
1031249046,558,ABC
1034180261,559,AC
1034184016,560,AC
1058892306,561,C
1058940302,562,BC
1031601308,563,BC
1033887410,564,ABC
1058892390,565,C
1031798029,566,C
1034157805,567,B
1031522250,568,B
1031630209,569,C
1031474135,570,C
1031746704,571,AB
1034156701,572,AB
1058834222,573,A
1031249334,574,A
1034156505,575,ABC
1031600047,576,B
1034157770,577,B
1031474581,578,AB
1031524719,579,AB
1058833970,580,A
1034123583,581,A
1031725670,582,A
1031509814,583,AC
1031576607,584,ABC
1058711391,585,A
1031682753,586,A
1031709136,587,AB
1031522469,588,AB
1034212480,589,ABC
1034021293,590,ABC
1031249037,591,ABC
1034302575,592,B
1031630797,593,B
1031249295,594,C
1034157150,595,B
1031726988,596,B
1031457712,597,AB
1034157466,598,C
1034155956,599,C
1031472016,600,C
1034155980,601,C
1031323985,602,C
1034156871,603,B
1031797297,604,B
1034156015,605,AC
1031745235,606,AC
1059133020,607,ABC
1034123737,608,ABC
1031798295,609,ABC
1034155896,610,ABC
1031430702,611,AB
1031458603,612,B
1031653192,613,B
1031780523,614,ABC
1034155751,615,AB
1034179921,616,B
1031573594,617,B
1034155991,618,C
1058835568,619,C
1031835949,620,C
1031523725,621,ABC
1034003602,622,ABC
1031747935,623,B
1034212300,624,B
1031523431,625,B
1031431619,626,B
1031706946,627,B
1031749237,628,ABC
1033948702,629,ABC
1034021207,630,ABC
1034003451,631,ABC
1034156556,632,B
1031629546,633,ABC
1034021342,634,ABC
1031322181,635,BC
1031323488,636,ABC
1031561532,637,B
1034157410,638,ABC
1034123762,639,B
1034021388,640,BC
1031428970,641,ABC
1058984151,642,B
1033974516,643,ABC
1031681283,644,ABC
1031599792,645,ABC
1031430073,646,B
1031460645,647,B
1031512724,648,AC
1031459350,649,AC
1031563262,650,ABC
1034180475,651,AB
1059132753,652,ABC
1031708358,653,ABC
1031428231,654,ABC
1031249355,655,ABC
1031561257,656,C
1034155855,657,B
1034123782,658,B
1034156755,659,B
1034155770,660,ABC
1034156580,661,ABC
1031601724,662,ABC
1031509269,663,ABC
1058835378,664,ABC
1476938705,665,ABC
1034123582,666,A
1031781302,667,AB
1034157861,668,AB
1031509093,669,C
1034210405,670,C
1031564498,671,BC
1058835970,672,A
1031797516,673,A
1034003441,674,ABC
1031562860,675,ABC
1031630921,676,ABC
1033977302,677,BC
1031836183,678,B
1059135388,679,B
1034123773,680,ABC
1031709431,681,ABC
1031249304,682,C
1033948767,683,C
1059642317,684,ABC
1031562563,685,ABC
1034183175,686,ABC
1031746351,687,ABC
1034157791,688,C
1031727841,689,AC
1031525649,690,AC
1034021378,691,C
1031560830,692,ABC
1031322589,693,ABC
1034156540,694,A
1031563728,695,C
1059280019,696,C
1031783416,697,B
1031630099,698,B
1031249040,699,ABC
1034157811,700,B
1165061445,701,B
1031836103,702,C
1034123532,703,ABC
1034003506,704,ABC
1034301705,705,ABC
1034155711,706,ABC
1031652032,707,B
1031560657,708,B
1034156860,709,C
1031524039,710,B
1031800930,711,B
1034180406,712,B
1031560702,713,AB
1031727386,714,AB
1034157185,715,ABC
1031321122,716,ABC
1031322643,717,ABC
1034002942,718,C
1478802402,719,ABC
1031249274,720,ABC
1033950161,721,ABC
1031681763,722,ABC
1031923334,723,ABC
1058835626,724,AC
1031576625,725,AC
1034158225,726,ABC
1034156536,727,ABC
1034183460,728,ABC
1031509996,729,ABC
1031631739,730,ABC
1033977312,731,ABC
1031707133,732,ABC
1034123517,733,ABC
1031781557,734,C
1031561632,735,C
1031835972,736,AB
1031249112,737,ABC
1031683154,738,ABC
1034155676,739,B
1034155680,740,B
1058833306,741,ABC
1031324166,742,ABC
1034210174,743,ABC
1031654067,744,ABC
1034156810,745,AB
1059020887,746,C
1031782968,747,C
1034158355,748,C
1031602028,749,C
1034157015,750,ABC
1031322484,751,ABC
1031561835,752,ABC
1031650801,753,B
1034123528,754,C
1031562163,755,C
1031629879,756,ABC
1031322595,757,ABC
1058834416,758,C
1031682111,759,C
1031600860,760,C
1059238350,761,A
1031509135,762,A
1058985368,763,A
1031574481,764,A
1058983226,765,C
1034180351,766,C
1058941162,767,A
1034123593,768,A
1033948696,769,ABC
1033887444,770,ABC
1034021382,771,C
1034021383,772,C
1031429810,773,ABC
1031324064,774,C
1031779774,775,C
1031510887,776,C
1031576887,779,ABC
1031708394,780,ABC
1031249058,781,ABC
1031460138,782,ABC
1031429435,783,ABC
1465186546,784,ABC
1034158331,785,ABC
1034157936,786,ABC
1031470644,787,B
1034180325,788,B
1031249103,789,AB
1034183846,790,B
1034156480,791,BC
1034156481,792,BC
1058892949,793,C
1034123603,794,C
1031748677,795,ABC
1033914383,796,ABC
1031472205,797,C
1031652039,798,B
1059238434,799,C
1031575900,800,C
1059282095,801,ABC
1034155781,802,B
1058983527,803,A
1031682202,804,A
1031323518,805,AC
1058984490,806,ABC
1031523377,807,ABC
1034158306,808,C
1058942849,809,AB
1031708674,810,AC
1059279948,811,B
1031322166,812,C
1034156776,813,A
1031780856,814,A
1034021997,815,ABC
1034021998,816,ABC
1034156870,817,B
1058893195,818,AC
1031745849,819,AC
1031321375,820,ABC
1031799795,821,ABC
1031724733,822,B
1031782887,823,ABC
1031461648,824,C
1031836383,825,C
1058942458,826,B
1034155850,827,B
1031431494,828,ABC
1031602335,829,AC
1031599986,830,A
1031573756,831,C
1031472324,832,ABC
1031653941,833,B
1059239136,834,B
1034157216,835,B
1031631252,836,AC
1031631686,837,ABC
1034343862,838,ABC
1031249283,839,ABC
1031510701,840,AB
1031249064,841,ABC
1031427719,842,C
1031781743,843,C
1034157081,844,B
1031322250,845,C
1034123433,846,A
1031629378,847,C
1034156861,848,C
1031458495,849,ABC
1031652810,850,ABC
1031522177,851,ABC
1031631021,852,ABC
1031473404,853,A
1031564579,854,C
1034123483,855,C
1034383094,856,ABC
1031523120,857,ABC
1058983053,858,ABC
1031709398,859,ABC
1031600273,860,C
1031800934,861,BC
1465483170,862,ABC
1031459151,863,B
1031798671,864,B
1033887509,865,ABC
1031724684,866,A
1034021403,867,BC
1031429686,868,BC
1031472908,869,B
1031324281,870,B
1059639440,871,ABC
1175997998,872,B
1034157006,873,ABC
1034155740,874,ABC
1031249298,875,ABC
1031708980,876,ABC
1033917299,877,ABC
1033917304,878,ABC
1031430416,879,ABC
1031726310,880,ABC
1031725209,881,C
1031431663,882,C
1034155890,883,C
1034472580,884,ABC
1034472630,885,ABC
1031783605,886,ABC
1031429050,887,ABC
1031923636,888,ABC
1033948761,889,ABC
1031431485,890,B
1031599171,891,B
1059238867,892,C
1031725299,893,C
1034156520,894,ABC
1034003671,895,AB
1031564607,896,AB
1031473491,897,B
1031323873,898,ABC
1031682102,899,ABC
1031601980,900,BC
1031512614,901,B
1031575259,902,B
1031564053,904,C
1031470640,905,C
1031510307,906,C
1031745583,907,C
1031427930,908,ABC
1058943068,909,A
1031652017,910,A
1031524630,911,C
1034156586,912,A
1031708240,913,A
1031576964,914,ABC
1378541476,915,ABC
1034158285,916,ABC
1031796900,917,A
1034123648,918,ABC
1031429590,919,ABC
1151616497,920,ABC
1034021278,921,ABC
1031600431,922,BC
1031800893,923,BC
1031576012,924,ABC
1034261050,925,ABC
1031564179,926,ABC
1034003597,927,ABC
1031561500,928,ABC
1034155935,929,ABC
1034002966,930,B
1031600779,931,B
1034180356,932,A
1031564642,933,BC
1034179860,934,C
1151616479,935,ABC
1151616489,936,ABC
1058832094,937,BC
1031745283,938,BC
1031472842,939,AB
1031797843,940,AB
1034002897,941,ABC
1031600000,942,ABC
1031524361,943,ABC
1059134120,944,C
1034210220,945,C
1031524368,946,BC
1058940522,947,ABC
1034157226,948,ABC
1031561280,950,B
1385115622,951,ABC
1034180495,952,ABC
1031726048,953,ABC
1031726198,954,A
1031725722,955,A
1031725654,956,B
1031512668,957,B
1031632867,958,ABC
1034021423,959,B
1034155741,960,ABC
1031249364,961,ABC
1033950347,962,ABC
1031780423,963,ABC
1031249091,964,ABC
1031473465,965,B
1031428384,966,B
1059278557,967,ABC
1034123747,968,B
1031524373,969,C
1031798715,970,C
1031652045,971,ABC
1031800498,972,A
1031525015,973,C
1031509072,974,ABC
1034157880,975,ABC
1034156080,976,ABC
1031783152,978,C
1031800722,979,C
1031427871,980,ABC
1276395858,981,ABC
1059639738,982,ABC
1058895728,983,B
1034157766,984,B
1034002971,985,C
1031799212,986,C
1031523879,987,C
1031727187,988,ABC
1034003477,989,B
1059239202,990,B
1031710681,991,B
1034157106,992,ABC
1031727674,993,BC
1031747756,994,BC
1034022002,995,ABC
1031510356,996,ABC
1031600091,997,B
1031474282,998,B
1031321447,999,ABC
1031706866,1000,ABC
1031599589,1001,ABC
1059239263,1002,C
1034123382,1003,B
1058939862,1004,A
1031797481,1005,ABC
1059641024,1006,ABC
1031652292,1007,BC
1034021398,1008,BC
1031749043,1009,C
1031599367,1010,ABC
1034157436,1011,B
1031563061,1012,B
1031602263,1013,B
1034156531,1014,ABC
1034212325,1015,ABC
1034213789,1016,A
1031457604,1017,A
1034003512,1018,ABC
1031249031,1019,ABC
1059134187,1020,B
1034123537,1021,B
1031564383,1022,C
1031747840,1023,ABC
1034157405,1024,ABC
1034155810,1025,A
1034156596,1026,ABC
1031561007,1027,ABC
1034211665,1028,ABC
1034021987,1029,ABC
1031249043,1030,ABC
1034002847,1031,ABC
1059238480,1032,A
1034156081,1033,ABC
1034003612,1034,ABC
1031599489,1035,C
1031430496,1036,C
1031562361,1037,ABC
1031800633,1038,ABC
1031509119,1039,B
1031249061,1040,ABC
1059279938,1041,ABC
1034180230,1042,ABC
1058893447,1043,B
1031800318,1044,C
1034123797,1045,ABC
1034123798,1046,ABC
1031575000,1047,C
1059021696,1048,ABC
1031573749,1049,ABC
1058983968,1050,C
1031835720,1052,ABC
1034003456,1053,ABC
1034003457,1054,ABC
1031323438,1055,B
1031510813,1056,B
1031746019,1057,B
1031710229,1058,A
1034180355,1059,A
1031683147,1060,ABC
1031524896,1061,C
1034180450,1062,AB
1031249052,1063,ABC
1031684488,1064,B
1031632050,1065,ABC
1031323978,1066,AB
1034158191,1067,ABC
1034157890,1068,A
1031836131,1069,A
1031564752,1070,ABC
1031835774,1071,ABC
1031633382,1072,B
1031431247,1073,B
1058834453,1074,ABC
1031684494,1075,ABC
1059282160,1076,ABC
1059134658,1077,ABC
1033887499,1078,ABC
1033887500,1079,A
1031510831,1080,ABC
1034002957,1081,B
1031727939,1082,B
1031654284,1083,ABC
1031684773,1084,ABC
1034180496,1085,ABC
1031562970,1086,ABC
1034003511,1087,ABC
1034157125,1088,AB
1059135620,1089,C
1034472584,1090,ABC
1031524079,1091,ABC
1059238693,1092,C
1031706546,1093,B
1031683711,1094,B
1031726891,1095,C
1034123742,1096,ABC
1031683581,1097,A
1031459602,1098,A
1031748336,1099,AB
1031710005,1100,ABC
1031799619,1101,ABC
1031652261,1102,ABC
1059022781,1103,C
1031652773,1104,ABC
1031779759,1105,ABC
1031561330,1106,B
1034183115,1107,C
1034123617,1108,C
1034021968,1109,ABC
1058835110,1110,BC
1031509200,1111,BC
1034156095,1112,BC
1034003626,1113,ABC
1058835932,1114,A
1031681173,1115,A
1031923846,1116,ABC
1031321303,1117,ABC
1034003637,1118,ABC
1031798611,1119,ABC
1031745961,1120,A
1034003481,1121,ABC
1034157821,1122,B
1034123462,1123,B
1460810765,1124,ABC
1033887520,1125,ABC
979814521,1126,ABC
1034156895,1127,C
1059640034,1128,ABC
1034123428,1129,A
1031651072,1130,C
1031780973,1131,B
1031523727,1132,B
1059085083,1133,C
1034123383,1134,B
1058893261,1135,C
1034180186,1136,C
1031322649,1137,ABC
1031836031,1138,ABC
1031708105,1139,ABC
1031429477,1140,BC
1031797570,1141,B
1031473514,1142,B
1031523059,1143,B
1031726097,1144,C
1034123343,1145,C
1031782924,1146,ABC
1031782956,1147,B
1031632225,1148,B
1034155840,1149,ABC
1031471025,1150,ABC
1034123653,1151,ABC
1031682692,1152,C
1034123418,1153,C
1034261074,1154,ABC
1031798759,1155,ABC
1031470665,1156,ABC
1059021981,1157,B
1031431310,1158,B
1031708364,1159,AC
1031561474,1160,B
1031473596,1161,ABC
1033917319,1162,ABC
1034258364,1163,ABC
1031562709,1164,C
1034157011,1165,B
1034155941,1166,ABC
1031321651,1167,ABC
1059639204,1168,ABC
1031249079,1169,ABC
1031683324,1170,B
1031707104,1171,A
1031602468,1172,A
1031724634,1173,C
1031524658,1174,ABC
1034680897,1175,A
1031249271,1176,ABC
1031461268,1177,B
1031836476,1178,B
1034155706,1179,C
1031798318,1180,B
1031780257,1181,ABC
1034156910,1182,C
1031321467,1183,ABC
1033917294,1184,ABC
1031511896,1185,ABC
1034157070,1186,ABC
1034002866,1187,ABC
1031574376,1188,ABC
1031747450,1189,B
1031322850,1190,ABC
1031461654,1191,BC
1031458526,1192,B
1031562933,1193,ABC
1059022662,1194,A
1034157851,1195,A
1034180460,1196,AB
1031630069,1197,AB
1034158210,1198,A
1031748705,1199,A
1031509464,1200,C
1031322565,1201,ABC
1031748591,1202,ABC
1031561432,1204,ABC
1034123652,1205,ABC
1031459284,1206,B
1059134745,1207,ABC
1034021213,1208,ABC
1031683074,1209,AC
1031781701,1210,ABC
1034183156,1211,ABC
1058834884,1212,B
1031603177,1213,C
1034123693,1214,C
1059023931,1215,A
1034517391,1216,A
1034157156,1217,B
1031511189,1218,B
1031509035,1219,C
1058984777,1220,B
1031798377,1221,ABC
1031511767,1222,ABC
1034003516,1223,ABC
1059087593,1224,ABC
1034210165,1225,ABC
1034180391,1226,ABC
1034123777,1227,ABC
1031522623,1228,C
1034003471,1229,ABC
1034517406,1230,ABC
1059640929,1231,B
1034156510,1232,ABC
1034156511,1233,ABC
1031684501,1234,ABC
1034002902,1235,ABC
1031709995,1236,C
1059238487,1237,C
1034155931,1238,C
1031781183,1239,B
1031473260,1240,A
1034123803,1241,C
1031746967,1242,C
1031629614,1243,ABC
1031709591,1244,C
1031631805,1245,C
1031629537,1246,A
1031745623,1247,A
1157610923,1248,AC
1034157441,1249,AC
1059239269,1250,A
1034210185,1251,A
1031575917,1252,B
1031460045,1253,A
1031473437,1254,ABC
1034156501,1255,ABC
1034123398,1256,ABC
1031576766,1257,ABC
1031709479,1258,C
1034158200,1259,A
1031629924,1260,A
1031681324,1261,C
1031799460,1262,BC
1034301710,1263,BC
1031321309,1264,ABC
1385154288,1265,ABC
1031322745,1266,ABC
1031746451,1267,ABC
1034157115,1268,ABC
1031708929,1269,ABC
1034123683,1270,ABC
1031573616,1271,ABC
1058941813,1272,A
1031321287,1273,ABC
1031562220,1274,C
1059281181,1275,ABC
1031654352,1276,ABC
1034156640,1277,ABC
1031724576,1278,ABC
1031513002,1279,AC
1058710493,1280,C
1034021233,1281,ABC
1059641653,1282,ABC
1034183176,1283,ABC
1031680980,1284,A
1031783442,1285,ABC
1031746118,1286,ABC
1031249361,1287,ABC
1058940796,1288,AC
1031324307,1289,AC
1034156006,1290,ABC
1034003667,1291,AB
1031706915,1292,AB
1031683889,1293,ABC
1033917309,1294,ABC
1031428998,1295,ABC
1058943058,1296,A
1031510895,1297,AC
1034212529,1298,ABC
1031651185,1299,ABC
1031684927,1300,BC
1031323929,1301,BC
1034155876,1302,C
1157610914,1303,A
1034180311,1304,A
1034157161,1305,B
1059238974,1306,A
1034123767,1307,A
1059239095,1308,A
1031602305,1309,A
1058833027,1310,BC
1031654723,1311,ABC
1031523072,1312,ABC
1034123753,1313,A
1031799647,1314,A
1059022480,1315,B
1031430587,1316,C
1034156696,1317,AB
1031457956,1318,C
1031726454,1319,B
1059023509,1320,AC
1031461356,1321,C
1034002861,1322,ABC
1031710310,1323,ABC
1031654674,1324,B
1478226881,1325,ABC
1059239215,1326,AB
1031576926,1327,AB
1031797733,1328,A
1031835540,1329,B
1468487516,1330,ABC
1059238575,1331,AB
1034002921,1332,ABC
1151616493,1333,ABC
1031707569,1334,B
1034156050,1335,AC
1034123763,1336,B
1034210080,1337,AB
1031431138,1338,AB
1031249328,1339,B
1034157126,1340,AB
1031749347,1341,AB
1034180485,1342,C
1031710675,1343,C
1031323704,1344,AB
1059020913,1345,C
1034155756,1346,C
1031564453,1347,ABC
1031652968,1348,B
1031322727,1349,C
1033887510,1350,ABC
1059280590,1351,ABC
1031780296,1352,ABC
1031523550,1353,B
1034123392,1354,ABC
1031800641,1355,ABC
1059133289,1356,ABC
1034180446,1357,AB
1059642385,1358,ABC
1031429087,1359,B
1031708750,1360,C
1034157035,1361,ABC
1469813229,1362,ABC
1059088558,1363,C
1031249049,1364,C
1059238652,1365,B
1031651141,1366,B
1031632745,1367,ABC
1034123393,1368,ABC
1058985312,1369,AB
1031654350,1370,AB
1031428482,1371,C
1031472308,1372,ABC
1031473545,1373,ABC
1034123508,1374,ABC
1034003651,1375,C
1034003632,1376,ABC
1058893233,1377,ABC
1031428209,1378,ABC
1031459413,1379,A
1031512012,1380,A
1031430731,1381,B
1058939680,1382,B
1059639640,1383,ABC
1034156976,1384,A
1031249070,1385,A
1031633169,1386,ABC
1034157836,1387,AB
1034157030,1388,ABC
1031324160,1389,B
1031471587,1390,B
1034155771,1391,B
1031457620,1392,A
1031707028,1393,ABC
1031524492,1394,ABC
1034003591,1395,ABC
1031654303,1396,ABC
1034155920,1397,ABC
1059280976,1398,C
1031781333,1399,ABC
1031249067,1400,ABC
1034002862,1401,ABC
1058942170,1402,AB
1031709284,1403,ABC
1031470728,1404,B
1031745159,1405,ABC
1034003497,1406,ABC
1031781643,1407,AB
1031525220,1408,AB
1033951677,1409,ABC
1031602125,1410,B
1031323446,1411,C
1031573790,1412,C
1031249097,1413,A
1034155945,1414,ABC
1059281067,1415,BC
1031708047,1416,ABC
1034156955,1417,A
1031749408,1418,A
1059135125,1419,ABC
1031601766,1420,C
1031724781,1421,ABC
1031472426,1422,A
1034183146,1423,ABC
1058941614,1424,AC
1058940606,1425,ABC
1031799123,1426,ABC
1059640603,1428,ABC
1031471419,1429,C
1059238587,1430,B
1031600195,1431,B
1033807500,1432,ABC
1034156805,1433,C
1034158330,1434,ABC
1059134999,1435,B
1031472618,1436,A
1031511322,1437,A
1059021038,1438,A
1031650815,1439,B
1034123752,1440,A
1058894555,1441,ABC
1031561925,1442,ABC
1031249085,1443,ABC
1031798552,1444,A
1058942793,1445,AC
1384858072,1446,ABC
1385154270,1447,ABC
1031428826,1448,AB
1034156116,1449,AB
1031523899,1450,A
1034156551,1451,ABC
1031799661,1452,B
1031249082,1453,AC
1031653899,1454,AC
1034156985,1455,ABC
1059132342,1456,BC
1031783468,1457,B
1031681988,1458,ABC
1031513147,1459,AB
1059088137,1460,C
1031708661,1461,C
1058893937,1462,C
1034003646,1463,C
1059281960,1464,ABC
1034021973,1465,ABC
1031725479,1466,C
1059280038,1467,C
1059281152,1468,ABC
1034183581,1469,B
1031458475,1470,B
1031747086,1471,B
1059134364,1472,BC
1031681817,1473,BC
1059085776,1474,B
1357300023,1475,ABC
1059281553,1476,ABC
1059089122,1477,C
1058895284,1478,A
1031471993,1479,C
1031725269,1480,C
1031800083,1481,C
1031472058,1482,ABC
1031563884,1483,B
1034210160,1484,ABC
1031577568,1485,A
1058941287,1486,A
1059278459,1487,B
1059641868,1488,ABC
1058982169,1489,C
1034156565,1490,C
1059281097,1491,AB
1058895272,1492,A
1034183781,1493,A
1059280669,1494,ABC
1034180435,1495,AB
1034261055,1496,ABC
1034212375,1497,ABC
1031523039,1498,BC
1031563599,1499,C
1058894350,1500,ABC
1031783731,1501,C
1059088758,1502,A
1058120014,1503,A
1057475264,1504,A
1058122713,1505,A
1362324963,1506,ABC
1362324999,1507,ABC
1057907590,1508,A
1057608909,1509,A
1057568983,1510,A
1058119314,1511,A
1058149791,1512,A
1057874975,1513,A
1057649763,1514,B
1058151543,1515,B
1059089105,1516,A
1057386175,1517,A
1057649315,1518,C
1057385683,1519,C
1058895615,1520,C
1057850540,1521,C
1058835213,1522,A
1058079523,1523,A
1057387919,1524,A
1057270678,1525,A
1058034514,1526,B
1058283921,1527,B
1057439314,1528,C
1057385265,1529,C
1058834777,1530,B
1057337576,1531,B
1057522929,1532,C
1057649207,1533,C
1362325013,1534,ABC
1362325023,1535,ABC
1059135486,1536,A
1057728937,1537,A
1058077355,1538,ABC
1057438379,1539,ABC
1058941861,1540,ABC
1057120067,1541,ABC
1057731539,1542,C
1057386990,1543,C
1058835873,1544,B
1057387983,1545,B
1058983922,1546,A
1057906163,1547,A
1057565871,1548,B
1058243504,1549,B
1058202033,1550,C
1057567357,1551,C
1058668891,1552,A
1059278527,1553,A
1058120558,1554,A
1058329839,1555,A
1058939193,1556,C
1057337634,1557,C
1058077030,1558,ABC
1057875793,1559,ABC
1541395744,1560,ABC
1057271964,1561,ABC
1057339908,1562,A
1057985529,1563,A
1058247616,1564,ABC
1058200511,1565,ABC
1058983323,1566,B
1057525948,1567,B
1058940535,1568,ABC
1057876170,1569,ABC
1058985524,1570,B
1057477209,1571,B
1058283506,1572,A
1057689576,1573,A
1057475868,1574,B
1057384923,1575,B
1057803973,1576,B
1057340293,1577,B
1058893727,1578,B
1057385657,1579,B
1059087186,1580,ABC
1058200819,1581,ABC
1057728307,1582,A
1057566507,1583,A
1058833201,1584,ABC
1057268981,1585,ABC
1058984546,1586,ABC
1057119981,1587,ABC
1059023202,1588,ABC
1057908294,1589,ABC
1057690296,1590,B
1058149028,1591,B
1059087204,1592,ABC
1176521792,1593,ABC
1058119487,1594,ABC
1057119421,1595,ABC
1057730851,1596,A
1057849216,1597,A
1058151760,1598,A
1057522849,1599,A
1058833816,1600,B
1057566823,1601,B
1057906982,1602,C
1057763564,1603,C
1057477970,1604,C
1058076552,1605,C
1058832265,1606,B
1057386120,1607,B
1057646654,1608,C
1057945118,1609,C
1058710083,1610,B
1057649245,1611,B
1059088933,1612,B
1057525546,1613,B
1059133087,1614,ABC
1057904334,1615,ABC
1057269544,1616,ABC
1057945204,1617,ABC
1057690710,1618,A
1032459860,1619,A
1057851002,1620,ABC
1037657031,1621,ABC
1057565523,1622,B
1037656695,1623,B
1058894982,1624,C
1057945561,1625,C
1057985540,1626,C
1057851045,1627,C
1057763216,1628,A
1057693425,1629,A
1478694967,1630,ABC
1478694986,1631,ABC
1058940159,1632,ABC
1057119567,1633,ABC
1057384698,1634,A
1057943808,1635,A
1058832538,1636,C
1058078291,1637,C
1057876623,1638,ABC
1057875880,1639,ABC
1057523859,1640,A
1057982215,1641,A
1058152745,1642,C
1057850599,1643,C
1057477403,1644,B
1058895294,1645,B
1058036111,1646,B
1057387360,1647,C
1057525355,1648,C
1057848858,1649,ABC
1057804069,1650,ABC
1057907191,1651,B
1057268888,1652,B
1057762629,1653,A
1057943145,1654,A
1057851919,1655,B
1057689912,1656,B
1057384664,1657,A
1057384907,1658,A
1058244200,1659,B
1057388614,1660,B
1058149976,1661,A
1058152227,1662,A
1057270909,1663,B
1057689784,1664,B
1057119276,1665,A
1057762812,1666,ABC
1057803569,1667,ABC
1057438815,1668,B
1057476760,1669,B
1057386568,1670,A
1057728296,1671,A
1059088960,1672,B
1057983424,1673,B
1058835806,1674,A
1058119052,1675,A
1057765579,1676,A
1057384731,1677,A
1362325075,1678,ABC
1362325085,1679,ABC
1058835948,1680,ABC
1057693631,1681,ABC
1541395736,1682,ABC
1541395790,1683,ABC
1057118562,1684,ABC
1057478820,1685,ABC
1057384799,1686,A
1057762872,1687,A
1171803329,1688,ABC
1171803338,1689,ABC
1057878335,1690,ABC
1037655850,1691,ABC
1058624835,1692,A
1058623507,1693,A
1057610261,1694,ABC
1057438337,1695,ABC
1058150398,1696,C
1057982331,1697,C
1057731295,1698,B
1057730300,1699,B
1059022805,1700,A
1057904419,1701,A
1059022835,1702,C
1057340681,1703,C
1057690119,1704,C
1058077087,1705,C
1057763716,1706,B
1057849751,1707,B
1059136308,1708,B
1057763320,1709,B
1058077879,1710,A
1057803712,1711,A
1058835174,1712,B
1057477333,1713,B
1058077622,1714,A
1057436890,1715,A
1058033368,1716,ABC
1057876095,1717,ABC
1537458113,1718,ABC
1465010010,1719,ABC
1057984363,1720,B
1057477554,1721,B
1059022153,1722,ABC
1037715402,1723,ABC
1171803270,1724,ABC
1171803311,1725,ABC
1057765351,1726,C
1057523662,1727,C
1057565282,1728,B
1059640975,1729,ABC
1151617149,1730,ABC
1057476752,1731,B
1057766288,1732,B
1059085131,1733,A
1057905428,1734,A
1057438550,1735,B
1058282428,1736,B
1057874436,1737,B
1057119605,1738,B
1034156535,1739,ABC
1058202361,1740,B
1057849945,1741,B
1059085947,1742,C
1057119781,1743,C
1057730999,1744,C
1057386905,1745,C
1058203428,1746,B
1057803534,1747,B
1465010000,1748,ABC
1032116593,1749,ABC
1469667078,1750,ABC
1469667161,1751,ABC
1058033639,1752,A
1057730107,1753,A
1058246559,1754,B
1057569076,1755,B
1058283782,1756,A
1058200560,1757,A
1057384998,1758,B
1057268923,1759,B
1057876409,1760,A
1057340851,1761,A
1057692473,1762,B
1057524461,1763,B
1057119775,1764,C
1057340905,1765,C
1058077382,1766,C
1057804175,1767,C
1058895967,1768,B
1057765474,1769,B
1057765986,1770,B
1057729835,1771,B
1059085544,1772,ABC
1057692017,1773,ABC
1058121011,1774,B
1057984466,1775,B
1057122460,1776,A
1057384915,1777,A
1059085479,1778,ABC
1057438946,1779,ABC
1057119482,1780,B
1057764383,1781,B
1059088263,1782,ABC
1057647984,1783,ABC
1058895788,1784,ABC
1057439565,1785,ABC
1058204470,1786,ABC
1364819721,1787,ABC
1057610341,1788,B
1057523943,1789,B
1058151628,1790,C
1057944963,1791,C
1057943379,1792,B
1058285864,1793,B
1057943833,1794,C
1057945161,1795,C
1059133037,1796,B
1057439040,1797,B
1037716367,1798,ABC
1058622355,1799,ABC
1057386695,1800,B
1057728181,1801,B
1057849884,1802,B
1058892689,1803,ABC
1057691620,1804,ABC
1537458121,1805,ABC
1057118775,1806,B
1058244526,1807,B
1057523039,1808,B
1058123158,1809,B
1058984970,1810,C
1057568150,1811,C
1058033235,1812,A
1057851910,1813,A
1057981936,1814,C
1057568275,1815,C
1059086979,1816,ABC
1057848456,1817,ABC
1058893182,1818,ABC
1058152378,1819,ABC
1057475466,1820,C
1057567303,1821,C
1058939049,1822,ABC
1057690635,1823,ABC
1059085612,1824,A
1057945579,1825,A
1057477702,1826,B
1058123102,1827,B
1057691328,1828,A
1057944806,1829,A
1058201846,1830,B
1058076866,1831,B
1057385668,1832,B
1057386106,1833,B
1058121304,1834,B
1057568083,1835,B
1059021416,1836,A
1057981782,1837,A
1057850303,1838,A
1059132924,1839,B
1057122512,1840,B
1059136209,1841,B
1358613841,1842,B
1058035767,1843,A
1057650835,1844,A
1059087603,1845,A
1057945650,1846,A
1058984008,1847,C
1057438191,1848,C
1057438803,1849,C
1057691396,1850,C
1058710387,1851,A
1057983340,1852,A
1058245525,1853,ABC
1058985697,1854,A
1057522608,1855,A
1057943502,1856,A
1058149942,1857,A
1057693459,1858,B
1057765264,1859,B
1058245113,1860,A
1057983020,1861,A
1057609372,1862,B
1057984970,1863,B
1057648610,1864,B
1057270195,1865,B
1057804730,1866,B
1057766098,1867,B
1057802656,1868,B
1057904784,1869,B
1057729021,1870,ABC
1057338448,1871,C
1057270884,1872,C
1059086648,1873,ABC
1057907512,1874,ABC
1057122247,1875,B
1058121356,1876,B
1058243759,1877,B
1057121838,1878,B
1058894397,1879,A
1057567373,1880,A
1057906304,1881,C
1057762613,1882,C
1541395800,1883,ABC
1058119135,1884,C
1058283852,1885,C
1057763251,1886,A
1057522643,1887,A
1058119526,1888,A
1057477235,1889,A
1057524163,1890,ABC
1058204159,1891,ABC
1058832074,1892,ABC
1057850460,1893,ABC
1057608732,1894,C
1057477783,1895,C
1059086826,1896,ABC
1057523011,1897,ABC
1057119329,1898,A
1057610269,1899,A
1058895133,1900,A
1057525521,1901,A
1057388561,1902,ABC
1057905637,1903,ABC
1057877242,1904,A
1057852581,1905,A
1058982782,1906,B
1057387018,1907,B
1171803320,1908,ABC
1171803278,1909,ABC
1058283207,1910,A
1057387377,1911,A
1058892132,1912,C
1058246574,1913,C
1058893686,1914,A
1057876665,1915,A
1058939697,1916,A
1057388368,1917,A
1058894178,1918,ABC
1059088920,1919,B
1058034422,1920,B
1057568687,1921,A
1058079840,1922,A
1058833895,1923,B
1058077907,1924,B
1059639392,1925,ABC
1034304071,1926,ABC
1057944069,1927,ABC
1058034898,1928,ABC
1059085340,1929,C
1057850273,1930,C
1057609558,1931,ABC
1057568570,1932,ABC
1058893963,1933,A
1058150748,1934,A
1057946763,1935,A
1058151927,1936,A
1058941962,1937,ABC
1057610219,1938,ABC
1057568525,1939,A
1058284324,1940,A
1058893894,1941,A
1057731106,1942,A
1058985665,1943,C
1058151651,1944,C
1057851845,1945,A
1058282742,1946,A
1057608413,1947,B
1058149175,1948,B
1059278510,1949,A
1058670603,1950,A
1364819515,1951,B
1057763761,1952,B
1057122197,1953,B
1058120426,1954,B
1057439229,1955,B
1057729388,1956,B
1058985478,1957,B
1058284091,1958,B
1059086702,1959,B
1058034824,1960,B
1057907616,1961,ABC
1058247113,1962,ABC
1058894190,1963,A
1057119866,1964,A
1057341629,1965,B
1058244709,1966,B
1057906843,1967,C
1058285572,1968,C
1057729524,1969,A
1057906647,1970,A
1057566277,1971,A
1057878057,1972,A
1059024872,1973,ABC
1057765779,1974,ABC
1058077182,1975,C
1057762709,1976,C
1058247462,1977,A
1057766239,1978,A
1058119520,1979,ABC
1037716897,1980,ABC
1057272876,1981,B
1057877585,1982,B
1362324897,1983,ABC
1057387343,1984,C
1057387484,1985,C
1057437192,1986,ABC
1057475358,1987,ABC
1057874485,1988,B
1057477952,1989,B
1058077831,1990,C
1058034370,1991,C
1059135322,1992,A
1057763918,1993,A
1057437297,1994,A
1057477072,1995,A
1057763855,1996,C
1058200674,1997,C
1059087030,1998,ABC
1058200613,1999,ABC
1059135585,2000,ABC
1057340354,2001,ABC
1057478626,2002,C
1058282235,2003,C
1058037265,2004,B
1364819507,2005,B
1057850055,2006,C
1058035695,2007,C
1058034657,2008,C
1057437148,2009,C
1057610712,2010,ABC
1058202076,2011,ABC
1057692171,2012,C
1058151677,2013,C
1058832804,2014,A
1057906331,2015,A
1058711173,2016,ABC
1057119015,2017,ABC
1057803720,2018,A
1057439150,2019,A
1058036999,2020,ABC
1058079017,2021,ABC
1057689531,2022,C
1057985250,2023,C
1057388885,2024,ABC
1057477055,2025,ABC
1057648378,2026,ABC
1059135446,2027,C
1057339991,2028,C
1059135534,2029,A
1057850515,2030,A
1058892087,2031,ABC
1057476453,2032,ABC
1058710889,2033,ABC
1057944238,2034,ABC
1057762584,2035,BC
1058121182,2036,C
1057525751,2037,C
1362325033,2038,ABC
1362325065,2039,ABC
1059089265,2040,ABC
1057120941,2041,ABC
1057849937,2042,A
1057439077,2043,A
1058122351,2044,A
1057439469,2045,A
1058896051,2046,ABC
1058152920,2047,ABC
1058079949,2048,A
1057610399,2049,A
1037655836,2050,ABC
1510144803,2051,ABC
1057120499,2052,A
1058247076,2053,A
1059022508,2054,A
1057523865,2055,A
1057647452,2056,C
1057731380,2057,C
1058985590,2058,A
1058247654,2059,A
1057693717,2060,A
1057566857,2061,A
1057341175,2062,ABC
1057650032,2063,ABC
1058893324,2064,ABC
1057851056,2065,ABC
1058119920,2066,B
1057647038,2067,B
1057475979,2068,ABC
1057475970,2069,ABC
1057848385,2070,B
1057610808,2071,B
1058835027,2072,A
1057610299,2073,A
1058121399,2074,ABC
1057763242,2075,ABC
1058076359,2076,B
1057608579,2077,B
1057730540,2078,B
1057766182,2079,B
1057388026,2080,A
1057340752,2081,A
1057477487,2082,A
1058835234,2083,B
1057732151,2084,B
1057436291,2085,C
1058200545,2086,C
1057875047,2087,A
1057945598,2088,A
1058150160,2089,ABC
1057476163,2090,ABC
1057877727,2091,B
1057272251,2092,B
1057272798,2093,A
1057648137,2094,A
1057946417,2095,C
1057567965,2096,C
1058710635,2097,C
1057648056,2098,C
1058121891,2099,ABC
1058076764,2100,ABC
1058204635,2101,ABC
1058624998,2102,A
1058625102,2103,A
1059024408,2104,A
1058077721,2105,A
1058834164,2106,B
1058243735,2107,B
1057691558,2108,B
1057650557,2109,B
1057848410,2110,A
1057691544,2111,A
1151616526,2112,C
1057648272,2113,C
1058893379,2114,ABC
1058078523,2115,ABC
1528084404,2116,ABC
1528084414,2117,ABC
1057611019,2118,C
1058034192,2119,C
1057386707,2120,A
1058245997,2121,A
1058939397,2122,ABC
1057764570,2123,ABC
1058123000,2124,A
1058078343,2125,A
1214811262,2126,ABC
1469667176,2127,ABC
1469667086,2128,ABC
1058077120,2129,A
1057646602,2130,A
1058985631,2131,A
1057690010,2132,A
1058986170,2133,B
1057608894,2134,B
1059134483,2135,A
1057946541,2136,A
1058831755,2137,ABC
1058204367,2138,ABC
1057875311,2139,B
1058243525,2140,B
1478694887,2141,ABC
1478694957,2142,ABC
1059022639,2143,B
1058244310,2144,B
1057525398,2145,B
1058247035,2146,B
1058203939,2147,A
1057439219,2148,A
1059089312,2149,B
1057766206,2150,B
1057875300,2151,A
1058033576,2152,A
1057271220,2153,ABC
1058120417,2154,ABC
1057945247,2155,A
1057649869,2156,A
1058939269,2157,A
1057763364,2158,A
1057118593,2159,A
1057689517,2160,A
1057729135,2161,A
1057439596,2162,A
1059238499,2163,A
1058624106,2164,A
1362324762,2165,ABC
1362324933,2166,ABC
1058283367,2167,A
1057946894,2168,A
1058201872,2169,C
1057438856,2170,C
1176521783,2171,ABC
1057765909,2172,ABC
1057522091,2173,A
1058036125,2174,A
1058983708,2175,C
1057803492,2176,C
1058035453,2177,A
1057945332,2178,A
1057691040,2179,A
1058120195,2180,A
1058152236,2181,B
1057689551,2182,B
1362325095,2183,ABC
1057387135,2184,C
1057763707,2185,C
1057612119,2186,ABC
1058122596,2187,B
1057272967,2188,B
1058943149,2189,C
1057609283,2190,C
1151616540,2191,C
1057878417,2192,C
1058202061,2193,A
1057764860,2194,A
1460810753,2195,ABC
1058122199,2196,A
1057804183,2197,A
1058832320,2198,A
1058119373,2199,A
1058076018,2200,ABC
1057904922,2201,ABC
1057804049,2202,ABC
1057119041,2203,ABC
1057692515,2204,B
1058033562,2205,B
1058710207,2206,C
1058151803,2207,C
1058943170,2208,B
1057523485,2209,B
1057388473,2210,C
1057120908,2211,C
1057476389,2212,B
1058286229,2213,B
1057877100,2214,C
1057384656,2215,C
1058672200,2216,A
1058671422,2217,A
1059087167,2218,B
1057477679,2219,B
1058893704,2220,ABC
1057609326,2221,ABC
1058940014,2222,ABC
1057944422,2223,ABC
1057565777,2224,A
1057850790,2225,A
1057985590,2226,B
1057268862,2227,B
1059022561,2228,A
1058034144,2229,A
1057437220,2230,B
1057649296,2231,B
1057476935,2232,B
1057982694,2233,B
1057338656,2234,B
1057907632,2235,B
1057731175,2236,B
1364819523,2237,B
1171215957,2238,A
1171216004,2239,A
1058076078,2240,ABC
1058623515,2241,A
1058623986,2242,A
1058892510,2243,A
1057852126,2244,A
1059087827,2245,ABC
1057728709,2246,ABC
1058076246,2247,A
1058149525,2248,A
1058941717,2249,B
1058152546,2250,B
1478694996,2251,ABC
1034721437,2252,ABC
1057944275,2253,A
1057802146,2254,A
1059134222,2255,C
1057523651,2256,C
1058833344,2257,ABC
1057983892,2258,ABC
1058036489,2259,B
1057566739,2260,B
1057270389,2261,C
1057648414,2262,C
1057522619,2263,A
1057944249,2264,A
1058244107,2265,C
1057270571,2266,C
1059088254,2267,ABC
1057522221,2268,ABC
1057341098,2269,C
1057876973,2270,C
1057848688,2271,A
1058623054,2272,A
1058622690,2273,A
1058834566,2274,C
1057876536,2275,C
1057385435,2276,C
1058035942,2277,C
1057905215,2278,ABC
1058035669,2279,ABC
1362324943,2280,ABC
1362324953,2281,ABC
1057982101,2282,B
1057944142,2283,B
1058942468,2284,A
1057944263,2285,A
1057524394,2286,A
1057947055,2287,A
1059087400,2288,A
1057765933,2289,A
1031966636,2290,C
1032228479,2291,A
1469667095,2292,ABC
1032147748,2293,A
1032116012,2294,C
1032229228,2295,C
1032052957,2296,A
1032005344,2297,C
1031248779,2298,ABC
1032115698,2299,C
1032271655,2300,B
1032146683,2301,B
1032051230,2302,A
1031924917,2303,ABC
1031965023,2304,A
1032050965,2305,A
1031964526,2306,C
1031248731,2307,B
1032227921,2308,C
1032003216,2309,B
1032115977,2310,C
1032228216,2311,C
1032003914,2312,A
1032007073,2313,B
1032074403,2314,A
1032308039,2315,C
1032182102,2316,A
1032308419,2317,A
1031966071,2318,A
1032114692,2319,B
1032273006,2320,A
1032310472,2321,A
1032004686,2322,B
1032309150,2323,B
1032181449,2324,A
1032053091,2325,B
1032147893,2326,A
1031966841,2327,C
1032309544,2328,B
1032054294,2329,B
1032179023,2330,B
1031249691,2331,A
1032003181,2332,C
1032052388,2333,B
1032272235,2334,A
1032072739,2335,ABC
1032179788,2336,A
1032053729,2337,C
1032308102,2338,B
1032148148,2339,ABC
1031924690,2340,ABC
1032309949,2341,C
1032050804,2342,A
1032005572,2343,C
1032309991,2344,A
1031966440,2345,B
1032052162,2346,A
1032182762,2347,C
1031967079,2348,C
1031248710,2349,B
1031967126,2350,B
1032271474,2351,A
1362324726,2352,ABC
1032115464,2353,B
1032147107,2354,C
1032074571,2355,A
1032309178,2356,A
1031248728,2357,A
1032179087,2358,A
1362324858,2359,ABC
1032002794,2360,B
1032075189,2361,A
1031248713,2362,C
1032229809,2363,B
1032229846,2364,C
1032226429,2365,B
1032072628,2366,B
1362324795,2367,ABC
1032181992,2368,A
1031964228,2369,A
1362324837,2370,ABC
1032114641,2371,A
1032310279,2372,A
1032180871,2373,A
1032181213,2374,A
1032115980,2375,B
1031322583,2376,B
1032050750,2377,C
1032006811,2378,A
1032145044,2379,A
1032116439,2380,B
1032072577,2381,A
1032310619,2382,B
1032227359,2383,A
1032052946,2384,B
1032181089,2385,B
1032074009,2386,ABC
1032311408,2387,A
1032003890,2388,B
1031322034,2389,C
1032117445,2390,A
1032115635,2391,B
1031322124,2392,A
1032146162,2393,A
1032145872,2394,A
1031967025,2395,B
1032074777,2396,A
1032145999,2397,C
1032004396,2398,A
1032116746,2399,B
1032003194,2400,A
1032116808,2401,A
1362324774,2402,ABC
1032075619,2403,A
1032072530,2404,A
1031248743,2405,B
1362324816,2406,ABC
1031249694,2407,C
1032050795,2408,B
1032144740,2409,B
1032144562,2410,ABC
1032145852,2411,ABC
1032071766,2412,A
1032002919,2413,ABC
1032226580,2414,B
1032052932,2415,B
1032308538,2416,C
1032227229,2417,B
1032146895,2418,ABC
1032230143,2419,ABC
1032309600,2420,ABC
1032309080,2421,C
1032115264,2422,ABC
1031248800,2423,ABC
1032179753,2424,ABC
1032074961,2425,ABC
1031249658,2426,ABC
1032229818,2427,B
1032115851,2428,C
1032005738,2429,ABC
1032074744,2430,ABC
1031249670,2431,ABC
1032147954,2432,ABC
1032229928,2433,ABC
1032310302,2434,ABC
1032006805,2435,ABC
1032179909,2436,ABC
1032116638,2437,ABC
1032114802,2438,ABC
1032181550,2439,ABC
1031967363,2440,ABC
1032118638,2441,C
1032226963,2442,ABC
1031322820,2443,ABC
1032072606,2444,ABC
1032052241,2445,ABC
1031924492,2446,B
1032227800,2447,C
1032226202,2448,A
1032272357,2449,C
1031925026,2450,C
1032226568,2451,ABC
1031966952,2452,C
1032118560,2453,B
1032310446,2454,ABC
1032229999,2455,ABC
1032182126,2456,B
1032269029,2457,C
1031322460,2458,C
1032117914,2459,ABC
1032271295,2460,ABC
1031248944,2461,ABC
1032182851,2462,C
1031249661,2463,ABC
1032180978,2464,ABC
1032183055,2465,ABC
1528084327,2466,ABC
1032146776,2467,C
1031249652,2468,C
1031322160,2469,B
1031249655,2470,ABC
1032269555,2471,ABC
1032180067,2472,A
1031249667,2473,ABC
1031248917,2474,ABC
1032310488,2475,B
1032005684,2476,ABC
1032272061,2477,B
1032075244,2478,AC
1032148070,2479,ABC
1032004497,2480,C
1031249703,2481,ABC
1032005505,2482,ABC
1031249715,2483,B
1032180644,2484,A
1032309714,2485,AB
1032147513,2486,AB
1032227963,2487,B
1465009882,2488,ABC
1032145670,2489,A
1031249706,2490,ABC
1031967669,2491,B
1032179524,2492,ABC
1031249712,2493,ABC
1032004840,2494,ABC
1032053349,2495,C
1171215953,2496,A
1032146015,2497,B
1031249700,2498,C
1032180998,2499,A
1032180677,2500,ABC
1031965494,2501,A
1032116003,2502,ABC
1031967753,2503,ABC
1032051076,2505,C
1032272019,2506,A
1031967247,2507,ABC
1032006093,2508,A
1031322361,2509,B
1032075293,2510,ABC
1032114506,2511,ABC
1031925372,2512,A
1032148174,2513,B
1032052418,2514,A
1032227402,2515,B
1032181643,2516,A
1032148012,2517,A
1032052276,2518,B
1032181764,2519,B
1032227025,2520,B
1032270823,2521,B
1032269081,2522,A
1032413779,2523,A
1032117145,2524,C
1541395753,2525,ABC
1032071601,2526,B
1032117422,2527,A
1032073235,2528,B
1031966122,2529,A
1031249685,2530,A
1032269444,2531,C
1032073612,2532,A
1032115180,2533,B
1031968397,2534,ABC
1032414173,2535,A
1032051051,2536,B
1032144813,2537,A
1032310409,2538,B
1031964323,2539,C
1032414096,2540,A
1031322601,2541,C
1032005841,2542,B
1032148584,2543,C
1031968129,2544,B
1032309859,2545,AC
1031249688,2546,B
1032006112,2547,B
1031964633,2548,A
1032115257,2549,A
1032270837,2550,B
1032179347,2551,A
1032458092,2552,A
1032311440,2553,C
1031249682,2554,ABC
1031968325,2555,A
1032148059,2556,C
1176521761,2557,ABC
1032006099,2558,B
1032414392,2559,A
1032458415,2560,A
1032005350,2561,C
1032180089,2562,B
1032273285,2563,ABC
1032116202,2564,B
1032006442,2565,A
1032071627,2566,B
1031964214,2567,C
1032072711,2568,C
1032147840,2569,A
1031964440,2570,B
1032310591,2571,B
1032117000,2572,B
1032309905,2573,A
1032005087,2574,B
1032230360,2575,ABC
1032002868,2576,ABC
1032005379,2577,A
1032074894,2578,A
1032117929,2579,C
1032146151,2580,A
1032145389,2581,ABC
1032182030,2582,A
1032270931,2583,A
1478694836,2584,ABC
1032270173,2585,B
1032309240,2586,ABC
1031249673,2587,B
1032180595,2588,B
1032074263,2589,A
1032003167,2590,A
1032309642,2591,A
1032181759,2592,A
1032051170,2593,A
1031968057,2594,C
1032182398,2595,C
1032272401,2596,B
1032310802,2597,A
1032230099,2598,A
1032145891,2599,B
1032146253,2600,A
1032054189,2601,ABC
1032052511,2602,A
1032117250,2603,B
1032228752,2604,A
1032002810,2605,B
1032309704,2606,A
1031968269,2607,ABC
1032073788,2608,B
1032271960,2609,ABC
1032144875,2610,A
1032179767,2611,ABC
1032072014,2612,B
1032116760,2613,BC
1032311541,2614,C
1171803237,2615,ABC
1032005239,2616,C
1032181474,2617,C
1031965555,2618,ABC
1032115287,2619,C
1478694813,2620,ABC
1032270896,2621,A
1032071682,2622,B
1032179094,2624,B
1032052553,2625,C
1032075629,2626,A
1032053606,2627,A
