Load_name,Bus_name,Phase,P,Q
H9L41_417890463-L_C,1032272357,3,60,12.2
H9L44_417889988-L_C,1032269029,3,60,12.2
H9L29_417888133-L_C,1032118638,3,45,9.1
H9L25_417889332-L_C,1032182851,3,45,9.1
H9L21_417829658-L_C,1031966952,3,30,6.1
H9L19_417889619-L_C,1032227800,3,45,9.1
H9L40_417888472-L_C,1032146776,3,45,9.1
H9L38_417890725-L_C,1032308538,3,45,9.1
H9L36_417831497-L_C,1031322460,3,30,14.5
B9L33_417831913-L_C,1032115851,3,60,12.2
B9E27Q_417829190-L_C,1031925026,3,45,9.1
73720_417830508-L_A,1031249655,1,30,14.5
73720_417830508-L_B,1031249655,2,30,14.5
73720_417830508-L_C,1031249655,3,30,14.5
HAH15_417888889-L_A,1032179753,1,100,48.4
HAH15_417888889-L_B,1032179753,2,100,48.4
HAH15_417888889-L_C,1032179753,3,100,48.4
AKZ32_417794454-L_C,1031249049,3,60,12.2
B9L60_417887848-L_A,1032116638,1,30,14.5
B9L60_417887848-L_B,1032116638,2,30,14.5
B9L60_417887848-L_C,1032116638,3,30,14.5
95918_417753923-L_A,1031249031,1,22.5,10.9
95918_417753923-L_B,1031249031,2,22.5,10.9
95918_417753923-L_C,1031249031,3,22.5,10.9
AKX88_417696635-L_C,1031323488,3,6,2.9
AKZ00_417697284-L_A,1031431088,1,22.5,10.9
AKZ00_417697284-L_B,1031431088,2,22.5,10.9
AKZ00_417697284-L_C,1031431088,3,22.5,10.9
AKZ01_417697894-L_A,1031461122,1,5.4,8
AKZ01_417697894-L_C,1031461122,3,9.6,-0.7
B9L64_417831256-L_A,1032072606,1,15,7.3
B9L64_417831256-L_B,1032072606,2,15,7.3
B9L64_417831256-L_C,1032072606,3,15,7.3
AKZ04_417697342-L_B,1031431494,2,45,9.1
AKZ06_417753545-L_A,1031631686,1,30,14.5
AKZ06_417753545-L_B,1031631686,2,16.6,15.5
AKZ06_417753545-L_C,1031631686,3,22.4,3.4
11CC05_417831636-L_C,1031249652,3,15,7.3
HBK62_417890802-L_C,1032309080,3,30,14.5
B9L66_417831028-L_A,1031249658,1,30,14.5
B9L66_417831028-L_B,1031249658,2,30,14.5
B9L66_417831028-L_C,1031249658,3,30,14.5
15C191_417753061-L_A,1031602534,1,6,2.9
H9L68_417830444-L_A,1032006805,1,30,14.5
H9L68_417830444-L_B,1032006805,2,30,14.5
H9L68_417830444-L_C,1032006805,3,30,14.5
AKZ18_417828996-L_C,1031249037,3,6,2.9
H9L69_417829886-L_A,1031249670,1,15,7.3
H9L69_417829886-L_B,1031249670,2,15,7.3
H9L69_417829886-L_C,1031249670,3,15,7.3
AKZ26_417698610-L_A,1031509072,1,15,7.3
AKZ26_417698610-L_B,1031509072,2,15,7.2
AKZ26_417698610-L_C,1031509072,3,15,7.3
H9L81_417889361-L_A,1032183055,1,15,7.3
H9L81_417889361-L_B,1032183055,2,15,7.3
H9L81_417889361-L_C,1032183055,3,15,7.3
135423_417888934-L_A,1032180067,1,15,7.3
AGU10_417889064-L_A,1032180978,1,60,29.1
AGU10_417889064-L_B,1032180978,2,60,29.1
AGU10_417889064-L_C,1032180978,3,60,29.1
AGN95_417796309-L_B,1031797917,2,64.1,-4.8
AGN95_417796309-L_C,1031797917,3,36.1,53.3
AGN97Q_417697519-L_A,1031458495,1,22.5,10.9
AGN97Q_417697519-L_B,1031458495,2,22.5,10.9
AGN97Q_417697519-L_C,1031458495,3,22.5,10.9
AGN90Q_417753150-L_C,1031603157,3,6,2.9
RK973_417890063-L_A,1032269555,1,15,7.3
RK973_417890063-L_B,1032269555,2,15,7.3
RK973_417890063-L_C,1032269555,3,15,7.3
AGN88_417887903-L_A,1031249667,1,15,7.3
AGN88_417887903-L_B,1031249667,2,15,7.3
AGN88_417887903-L_C,1031249667,3,15,7.3
AGN53_417698523-L_C,1031474111,3,15,7.3
AGN54_417753055-L_A,1031602491,1,22.5,10.9
AGN54_417753055-L_B,1031602491,2,22.5,10.9
AGN54_417753055-L_C,1031602491,3,22.5,10.9
AGN78_417795684-L_A,1031780658,1,45,21.8
AGN79_417754269-L_A,1031653925,1,45,21.8
AGN81_417796441-L_A,1031798844,1,60,29.1
AGN81_417796441-L_B,1031798844,2,60,29
AGN81_417796441-L_C,1031798844,3,60.1,29.1
AGU37_417829576-L_B,1031322160,2,60,29.1
AGU36_417889907-L_B,1032229818,2,45,21.8
AGN86_417889228-L_B,1032182126,2,45,21.8
AGN07_417794075-L_A,1031709284,1,22.5,10.9
AGN07_417794075-L_B,1031709284,2,22.5,10.8
AGN07_417794075-L_C,1031709284,3,22.5,10.9
AGN08_417754485-L_A,1031681206,1,15,3
AGN32_417754573-L_B,1031681817,2,38.4,-2.9
AGN32_417754573-L_C,1031681817,3,21.6,31.9
AGN33_417698619-L_A,1031509135,1,30,14.5
AGU26_417793591-L_A,1031322550,1,60,29.1
AGU12_417796608-L_A,1031800011,1,60,29.1
AGU13Q_417696870-L_A,1031428186,1,30,14.5
AGU14_417752562-L_A,1031577568,1,60,29.1
AGN35_417796532-L_C,1031799480,3,22.5,10.9
AGN36_417697129-L_C,1031430004,3,45,21.8
AGN37_417696982-L_A,1031428970,1,45,21.8
AGN37_417696982-L_B,1031428970,2,45,21.7
AGN37_417696982-L_C,1031428970,3,45.1,21.9
AGN39_417796157-L_A,1031796854,1,15,7.3
AGN39_417796157-L_B,1031796854,2,19.8,6.9
AGN39_417796157-L_C,1031796854,3,17.7,11.3
AGN42_417753555-L_A,1031631751,1,22.5,10.9
AGN42_417753555-L_B,1031631751,2,22.5,10.8
AGN42_417753555-L_C,1031631751,3,22.5,10.9
AGN46_417795632-L_C,1031780296,3,30,14.5
AGU39_417829113-L_B,1031924492,2,45,21.8
AGU33_417830899-L_B,1032052932,2,30,6.1
AGU32_417889537-L_B,1032227229,2,60,29.1
AGU31_417889445-L_B,1032226580,2,45,21.8
AGU30_417888182-L_B,1032144740,2,30,14.5
AGU29_417888122-L_B,1032118560,2,45,21.8
AGU20_417697139-L_B,1031430073,2,22.5,10.9
AGU22_417697826-L_B,1031460645,2,45,21.8
AGU23_417697915-L_B,1031461268,2,45,21.8
AGN02_417752425-L_A,1031576607,1,30,14.6
AGN02_417752425-L_B,1031576607,2,30,14.5
AGN02_417752425-L_C,1031576607,3,30,14.6
AGN04_417696873-L_A,1031428209,1,15,7.3
AGN04_417696873-L_B,1031428209,2,15,7.2
AGN04_417696873-L_C,1031428209,3,15,7.3
HBA66_417889923-L_A,1032229928,1,60,29.1
HBA66_417889923-L_B,1032229928,2,60,29.1
HBA66_417889923-L_C,1032229928,3,60,29.1
13GP84_417751997-L_C,1031573616,3,15,7.3
AGM08_417753597-L_A,1031632050,1,15,7.3
AGM07_417795824-L_A,1031781643,1,28.8,-2
AGM07_417795824-L_B,1031781643,2,16.2,23.8
HA022_417751688-L_A,1031562860,1,45,21.8
HA022_417751688-L_B,1031562860,2,45,21.8
HA022_417751688-L_C,1031562860,3,45,21.8
HCK85_417888030-L_A,1032117914,1,30,14.5
HCK85_417888030-L_B,1032117914,2,30,14.5
HCK85_417888030-L_C,1032117914,3,30,14.5
AGM03_417750539-L_C,1031249028,3,30,14.5
HA115_417888156-L_A,1032144562,1,60,29.1
HA115_417888156-L_B,1032144562,2,60,29.1
HA115_417888156-L_C,1032144562,3,60,29.1
AGL61_417831562-L_A,1032074744,1,30,14.5
AGL61_417831562-L_B,1032074744,2,30,14.5
AGL61_417831562-L_C,1032074744,3,30,14.5
54V84_417890876-L_A,1032309600,1,30,14.5
54V84_417890876-L_B,1032309600,2,30,14.5
54V84_417890876-L_C,1032309600,3,30,14.5
HCP92_417890997-L_A,1032310446,1,60,29.1
HCP92_417890997-L_B,1032310446,2,60,29.1
HCP92_417890997-L_C,1032310446,3,60,29.1
AGM00_417829889-L_A,1032002919,1,30,14.5
AGM00_417829889-L_B,1032002919,2,30,14.5
AGM00_417829889-L_C,1032002919,3,30,14.5
AGL91_417793515-L_A,1031683889,1,3.2,4.8
AGL91_417793515-L_C,1031683889,3,5.8,-0.4
0DA69_417750955-L_A,1031523377,1,60,29.1
0DA69_417750955-L_B,1031523377,2,60,28.9
0DA69_417750955-L_C,1031523377,3,60.1,29.1
AGL89_417696825-L_A,1031427871,1,15,7.3
AGL89_417696825-L_B,1031427871,2,15,7.3
AGL89_417696825-L_C,1031427871,3,15,7.3
AGL49_417753877-L_C,1031651185,3,45,21.8
AGL73Q_417796552-L_B,1031799619,2,14.4,-1.1
AGL73Q_417796552-L_C,1031799619,3,8.1,12
AGL76_417754031-L_A,1031652261,1,30,14.5
AGL76_417754031-L_B,1031652261,2,30,14.5
AGL76_417754031-L_C,1031652261,3,30,14.5
AGL77_417751698-L_A,1031562933,1,30,14.5
AGL77_417751698-L_B,1031562933,2,30,14.5
AGL77_417751698-L_C,1031562933,3,30,14.5
59321_417754496-L_B,1031681283,2,6,2.9
HBJ07_417830256-L_A,1031248944,1,60,29.1
HBJ07_417830256-L_B,1031248944,2,60,29.1
HBJ07_417830256-L_C,1031248944,3,60,29.1
HAV84_417889933-L_A,1032229999,1,30,14.5
HAV84_417889933-L_B,1032229999,2,30,14.5
HAV84_417889933-L_C,1032229999,3,30,14.5
AGL86_417752447-L_B,1031576766,2,6,2.9
HAS10_417831182-L_A,1031248800,1,100,48.4
HAS10_417831182-L_B,1031248800,2,100,48.4
HAS10_417831182-L_C,1031248800,3,100,48.4
HAS11_417829717-L_A,1031967363,1,60,29.1
HAS11_417829717-L_B,1031967363,2,60,29.1
HAS11_417829717-L_C,1031967363,3,60,29.1
HAS13_417888489-L_A,1032146895,1,15,7.3
HAS13_417888489-L_B,1032146895,2,15,7.3
HAS13_417888489-L_C,1032146895,3,15,7.3
HAS14_417890977-L_A,1032310302,1,30,14.5
HAS14_417890977-L_B,1032310302,2,30,14.5
HAS14_417890977-L_C,1032310302,3,30,14.5
HAS15_417889954-L_A,1032230143,1,30,14.5
HAS15_417889954-L_B,1032230143,2,30,14.5
HAS15_417889954-L_C,1032230143,3,30,14.5
AGM28_417889499-L_A,1032226963,1,15,7.3
AGM28_417889499-L_B,1032226963,2,15,7.3
AGM28_417889499-L_C,1032226963,3,15,7.3
AGM27_417830801-L_A,1032052241,1,30,14.5
AGM27_417830801-L_B,1032052241,2,30,14.5
AGM27_417830801-L_C,1032052241,3,30,14.5
AGM26_417830292-L_A,1032005738,1,15,7.3
AGM26_417830292-L_B,1032005738,2,15,7.3
AGM26_417830292-L_C,1032005738,3,15,7.3
AGM25_417889146-L_A,1032181550,1,30,14.5
AGM25_417889146-L_B,1032181550,2,30,14.5
AGM25_417889146-L_C,1032181550,3,30,14.5
AGM24_417831763-L_A,1032114802,1,30,14.5
AGM24_417831763-L_B,1032114802,2,30,14.5
AGM24_417831763-L_C,1032114802,3,30,14.5
AGM29_417889443-L_B,1032226568,2,60,29.1
AGM30_417888641-L_A,1032147954,1,30,14.5
AGM30_417888641-L_B,1032147954,2,30,14.5
AGM30_417888641-L_C,1032147954,3,30,14.5
AGM31_417831593-L_A,1032074961,1,60,12.2
AGM32_417888340-L_A,1032145852,1,33.4,16.2
AGM32_417888340-L_B,1032145852,2,33.4,16.2
AGM32_417888340-L_C,1032145852,3,33.4,16.2
AGM37_417890312-L_A,1032271295,1,30,14.5
AGM37_417890312-L_B,1032271295,2,30,14.5
AGM37_417890312-L_C,1032271295,3,30,14.5
AGM38_417696876-L_A,1031428231,1,15,7.3
AGM38_417696876-L_B,1031428231,2,15,7.2
AGM38_417696876-L_C,1031428231,3,15,7.3
AGM42_417794179-L_B,1031710012,2,30,14.5
154C39_417796014-L_C,1031782968,3,15,3
AGM47_417795409-L_B,1031748677,2,30,6.1
AGM52_417751055-L_C,1031524079,3,15,3
AGM56_417751958-L_B,1031564752,2,15,3
AGM59_417796810-L_B,1031835774,2,22.5,4.6
AGM64_417796802-L_B,1031835720,2,22.5,4.6
RK403_417752170-L_A,1031574826,1,22.5,10.9
AGM69_417753206-L_B,1031629308,2,30,6.1
AGM72_417752670-L_B,1031599792,2,22.5,4.6
AGM74Q_417793344-L_C,1031682692,3,30,6.1
AGM78_417752001-L_C,1031322250,3,22.5,4.6
AGM81_417753593-L_C,1031632022,3,15,3
AGM83_417750649-L_C,1031512651,3,30,6.1
AGM87_417794039-L_C,1031709030,3,30,6.1
ABW98Q_417794280-L_A,1031249364,1,6,2.9
10D910_417890118-L_A,1031248917,1,60,29.1
10D910_417890118-L_B,1031248917,2,60,29.1
10D910_417890118-L_C,1031248917,3,60,29.1
HAS09_417831829-L_A,1032115264,1,60,29.1
HAS09_417831829-L_B,1032115264,2,60,29.1
HAS09_417831829-L_C,1032115264,3,60,29.1
HAS08_417829754-L_A,1031322820,1,60,29.1
HAS08_417829754-L_B,1031322820,2,60,29.1
HAS08_417829754-L_C,1031322820,3,60,29.1
5GR00_417831136-L_A,1032071766,1,60,12.2
AGL53Q_417795289-L_A,1031747840,1,45,21.9
AGL53Q_417795289-L_B,1031747840,2,45,21.7
AGL53Q_417795289-L_C,1031747840,3,45.1,21.9
13QJ61_417888717-L_A,1031249661,1,15,7.3
13QJ61_417888717-L_B,1031249661,2,15,7.3
13QJ61_417888717-L_C,1031249661,3,15,7.3
AGM11_417696705-L_A,1031323978,1,19.2,-1.4
AGM11_417696705-L_B,1031323978,2,10.8,15.9
15C198_417794092-L_A,1031709398,1,9,4.4
15C198_417794092-L_B,1031709398,2,9,4.4
15C198_417794092-L_C,1031709398,3,9,4.4
HC287_417889391-L_A,1032226202,1,60,29.1
B9A62_417753240-L_B,1031629546,2,9,4.4
RK972_417888912-L_A,1032179909,1,15,7.3
RK972_417888912-L_B,1032179909,2,15,7.3
RK972_417888912-L_C,1032179909,3,15,7.3
1FYF10_618267304-L_A,1528084327,1,60,29.1
1FYF10_618267304-L_B,1528084327,2,60,29.1
1FYF10_618267304-L_C,1528084327,3,60,29.1
AKZ40_417753436-L_C,1031630921,3,15,3
AKZ54_417751554-L_A,1031561925,1,15,7.2
AKZ54_417751554-L_B,1031561925,2,15,7.2
AKZ54_417751554-L_C,1031561925,3,15,7.3
AFL63Q_417697754-L_B,1031460138,2,12.8,-0.9
AFL63Q_417697754-L_C,1031460138,3,7.2,10.6
AFL61Q_417794222-L_C,1031710310,3,10,4.8
AFL59Q_417751539-L_B,1031561820,2,25.5,-1.9
AFL59Q_417751539-L_C,1031561820,3,14.4,21.2
AFL53Q_417750503-L_A,1031511627,1,9.6,-0.7
AFL53Q_417750503-L_B,1031511627,2,5.4,7.9
NRL06_417752016-L_C,1031573749,3,29.9,14.5
182K66_417752340-L_A,1031576012,1,10,4.8
182K66_417752340-L_B,1031576012,2,10,4.8
182K66_417752340-L_C,1031576012,3,10,4.8
AFL46Q_417829459-L_A,1031965555,1,99.7,48.3
AFL46Q_417829459-L_B,1031965555,2,99.7,48.3
AFL46Q_417829459-L_C,1031965555,3,99.7,48.3
AFL36Q_417793663-L_B,1031684927,2,9.6,-0.7
AFL36Q_417793663-L_C,1031684927,3,5.4,8
AFL37Q_417696698-L_B,1031323929,2,12.8,-0.9
AFL37Q_417696698-L_C,1031323929,3,7.2,10.6
RK974_417890260-L_A,1032270931,1,19.9,4.1
HCM63_417830826-L_A,1032052418,1,39.9,19.3
AFL34Q_417888201-L_A,1032144875,1,39.9,8.1
5LH72_417889985-L_A,1032230360,1,10,4.8
5LH72_417889985-L_B,1032230360,2,10,4.8
5LH72_417889985-L_C,1032230360,3,10,4.8
AFL31Q_417829826-L_B,1031968129,2,66.6,13.5
85N49_417831833-L_C,1032115287,3,19.9,9.7
85L37_417831721-L_A,1032114506,1,19.9,9.7
85L37_417831721-L_B,1032114506,2,19.9,9.7
85L37_417831721-L_C,1032114506,3,19.9,9.7
AFL25Q_417751433-L_B,1031561078,2,10,2
AFL22Q_417698427-L_A,1031473437,1,6,2.9
AFK84Q_417793943-L_C,1031708358,3,4,1.9
BC173Q_417830996-L_A,1032053606,1,19.9,4.1
6AY10_417830648-L_A,1032051170,1,19.9,4.1
PAP27_417888192-L_A,1032144813,1,19.9,4.1
AFK98Q_417889159-L_A,1032181643,1,19.9,4.1
AFK88Q_417829540-L_A,1031966122,1,39.9,8.1
AFK90Q_417888398-L_A,1032146253,1,39.9,8.1
AFL07Q_417888649-L_A,1032148012,1,39.9,8.1
AFL08Q_417887960-L_A,1032117422,1,19.9,9.7
AFK93Q_417888831-L_A,1032179347,1,66.6,13.5
AFL18Q_417829239-L_A,1031925372,1,66.6,13.5
AFL15Q_417831400-L_A,1032073612,1,39.9,8.1
AFL12Q_417830839-L_A,1032052511,1,66.6,13.5
AFL10Q_417830392-L_A,1032006442,1,39.9,8.1
BC177Q_417890151-L_B,1032270173,2,10,2
AFK97Q_417889508-L_B,1032227025,2,29.9,6.1
AFK86Q_417830343-L_B,1032006099,2,66.6,13.5
AFL05Q_417830345-L_B,1032006112,2,39.9,8.1
AFL02Q_417889010-L_B,1032180595,2,39.9,8.1
AFL00Q_417891018-L_B,1032310591,2,29.9,6.1
1CEQ96_417936013-L_A,1032458092,1,19.9,4.1
1CEQ97_417936059-L_A,1032458415,1,19.9,4.1
AFK71Q_417753757-L_B,1031633169,2,10,2
AFL39Q_417828948-L_A,1031923334,1,10,4.8
AFL39Q_417828948-L_B,1031923334,2,10,4.8
AFL39Q_417828948-L_C,1031923334,3,10,4.8
AFL40Q_417751133-L_A,1031249073,1,39.9,19.3
AFL40Q_417751133-L_B,1031249073,2,39.9,19.3
AFL40Q_417751133-L_C,1031249073,3,39.9,19.3
AFL41Q_417754442-L_A,1031680903,1,7.2,10.6
AFL41Q_417754442-L_C,1031680903,3,12.8,-0.9
BA640Q_417831113-L_B,1032071601,2,66.6,13.5
BAG75Q_417696599-L_A,1031323238,1,15,7.2
AFM33Q_417698578-L_A,1031474496,1,10,4.8
AFM33Q_417698578-L_B,1031474496,2,10,4.8
AFM33Q_417698578-L_C,1031474496,3,10,4.8
AFM35Q_417698716-L_A,1031509814,1,7.2,10.6
AFM35Q_417698716-L_C,1031509814,3,12.8,-0.9
BA643Q_417831688-L_A,1032075629,1,39.9,8.1
BA642Q_417890825-L_A,1032309240,1,10,4.8
BA642Q_417890825-L_B,1032309240,2,10,4.8
BA642Q_417890825-L_C,1032309240,3,10,4.8
AFM53Q_417830199-L_B,1032005087,2,39.9,8.1
AFM51Q_417890152-L_B,1031322361,2,39.9,8.1
AFM49Q_417888672-L_B,1032148174,2,39.9,8.1
AFM55Q_417889562-L_B,1032227402,2,39.9,8.1
AFM58Q_417830631-L_B,1032051051,2,39.9,8.1
BCP31Q_417831817-L_B,1032115180,2,19.9,4.1
BCP80Q_417829873-L_B,1032002810,2,19.9,4.1
BCP75Q_417831116-L_B,1032071627,2,39.9,8.1
AFM45Q_417830306-L_B,1032005841,2,29.9,6.1
AFM44Q_417831346-L_B,1032073235,2,29.9,6.1
AFM40Q_417696998-L_B,1031429087,2,4,1.9
AFM60Q_417795852-L_A,1031781837,1,10,2
AFM61Q_417750768-L_A,1031522068,1,10,4.8
AFM61Q_417750768-L_B,1031522068,2,10,4.8
AFM61Q_417750768-L_C,1031522068,3,10,4.9
AFM65Q_417795664-L_A,1031780523,1,19.9,4.1
AFM75Q_417891048-L_A,1032310802,1,19.9,4.1
AFM73Q_417831828-L_A,1032115257,1,19.9,9.7
AFM70Q_417754628-L_A,1031682202,1,10,2
15GW09_417831963-L_B,1032116202,2,19.9,9.7
15GW10_417890470-L_B,1032272401,2,39.9,8.1
15GW11_417888795-L_B,1032179094,2,19.9,4.1
17AE34_417829175-L_B,1031249688,2,29.9,14.5
AFM80Q_417793409-L_C,1031683147,3,10,2
17AE31_417831425-L_B,1032073788,2,29.9,14.5
17AE32_417887899-L_B,1032117000,2,29.9,6.1
17AE33_417829299-L_B,1031964440,2,39.9,8.1
AHC14Q_417890913-L_C,1032309859,3,19.9,4.1
AHC08Q_417829267-L_C,1031964214,3,29.9,6.1
AHC01Q_417829283-L_C,1031964323,3,29.9,6.1
AFM85Q_417796585-L_A,1031799850,1,15,3
AFM90Q_417751741-L_C,1031563236,3,15,3
AFM93Q_417698126-L_C,1031471335,3,10,2
BBN99Q_417795138-L_C,1031746781,3,15,7.2
AFN01Q_417751858-L_C,1031564053,3,19.9,4.1
AFN02Q_417698027-L_C,1031470640,3,29.9,6.1
AHA12Q_417697316-L_B,1031431310,2,19.9,4.1
AFN10Q_417752761-L_B,1031600431,2,15,3
AFN12Q_417796734-L_B,1031800893,2,15,3
AFN14Q_417751096-L_B,1031524368,2,15,3
AFN16Q_417794389-L_B,1031724361,2,15,3
AFN20Q_417697970-L_B,1031461654,2,15,3
AFN22Q_417794862-L_B,1031727674,2,10,2
AFN25Q_417795277-L_B,1031747756,2,19.9,4.1
AFN30Q_417796340-L_B,1031798132,2,19.9,4.1
AFN32Q_417753718-L_B,1031632892,2,10,4.8
11R996_417889885-L_B,1031249673,2,19.9,4.1
11R995_417889177-L_B,1032181764,2,19.9,4.1
PEH59_417831124-L_B,1032071682,2,39.9,8.1
PEH61_417890246-L_B,1032270837,2,29.9,6.1
AFN48_417890244-L_B,1032270823,2,29.9,6.1
AFN47Q_417890992-L_B,1032310409,2,29.9,6.1
AFN45Q_417888346-L_B,1032145891,2,39.9,8.1
PEH58_417831172-L_B,1032072014,2,39.9,8.1
AFN40Q_417888937-L_B,1032180089,2,29.9,6.1
AFN53Q_417752822-L_C,1031600860,3,6,1.2
AFN60Q_417751097-L_C,1031524373,3,15,3
AFN61Q_417796423-L_C,1031798715,3,19.9,4.1
AFN56Q_417752250-L_C,1031575384,3,19.9,4.1
AFN66Q_417753582-L_C,1031631940,3,19.9,4.1
AFN92Q_417795576-L_C,1031779902,3,10,2
AFN95Q_417752443-L_C,1031576738,3,19.9,4.1
AFN71Q_417697496-L_C,1031458336,3,15,3
AFN72Q_417752626-L_C,1031599489,3,15,3
AFN75Q_417794177-L_C,1031709995,3,15,3
AFN79Q_417696629-L_C,1031323446,3,10,2
AFN80Q_417697213-L_C,1031430587,3,15,3
AFN81Q_417794609-L_C,1031725899,3,15,3
AFN83Q_417753729-L_C,1031632974,3,6,1.2
AFN85Q_417796638-L_C,1031800220,3,10,2
AFN86Q_417697237-L_C,1031430758,3,10,2
AFN87Q_417698251-L_C,1031472205,3,10,2
AFN88Q_417752022-L_C,1031573790,3,10,2
AFN91Q_417751134-L_C,1031524630,3,10,2
AFN69Q_417796401-L_C,1031798561,3,10,2
AFN08Q_417795170-L_A,1031747002,1,6,1.2
AHA00_417698418-L_A,1031473377,1,19.9,4.1
6AG97_417829924-L_A,1032003167,1,39.9,8.1
BC272Q_417830342-L_A,1032006093,1,39.9,8.1
5AU82_417889947-L_A,1032230099,1,39.9,8.1
12PN10_417831199-L_C,1031322601,3,39.9,8.1
12PN11_417830845-L_C,1032052553,3,39.9,8.1
12PN12_417891139-L_C,1032311440,3,39.9,8.1
136926_417830236-L_C,1032005350,3,39.9,8.1
AHA19Q_417795348-L_A,1031748250,1,6,1.2
AHA21Q_417697771-L_B,1031460259,2,10,2
AHA26Q_417794501-L_B,1031725147,2,15,3
AHA28_417752608-L_B,1031599358,2,10,2
AHA31Q_417796435-L_B,1031798799,2,15,3
AHA34Q_417698434-L_B,1031473491,2,10,2
AHA42Q_417796220-L_B,1031797297,2,10,2
AHA44Q_417698602-L_B,1031509016,2,10,2
AHA46Q_417752727-L_B,1031600195,2,10,2
AHA48Q_417698431-L_B,1031473465,2,10,2
AHA49Q_417696898-L_B,1031428384,2,10,2
AHA50Q_417796366-L_B,1031798318,2,10,2
AHA63_417751999-L_B,1031573625,2,15,3
AHA66Q_417751881-L_B,1031564216,2,15,3
AHA68Q_417698351-L_B,1031472908,2,10,2
AHA72Q_417696748-L_B,1031324281,2,19.9,4.1
AHA76Q_417795303-L_B,1031747935,2,19.9,4.1
AHA56Q_417752512-L_B,1031577216,2,10,2
AHA57Q_417750492-L_B,1031511550,2,10,2
AHA59Q_417697523-L_B,1031458526,2,15,3
AHA61Q_417753003-L_B,1031602125,2,15,3
AHA23Q_417697516-L_B,1031458475,2,6,1.2
AHA82Q_417754481-L_A,1031681173,1,15,3
12XE48_417794576-L_A,1031725670,1,15,3
AHA85_417796395-L_A,1031798517,1,19.9,4.1
AHA86_417754095-L_A,1031652712,1,15,7.2
AHA89Q_417752269-L_B,1031575515,2,15,3
AHB62_417890920-L_A,1032309905,1,66.6,13.5
AHB60_417831493-L_A,1032074263,1,66.6,13.5
AHB57_417890882-L_A,1032309642,1,39.9,8.1
AHB55Q_417829327-L_A,1031964633,1,39.9,8.1
AHB65_417889755-L_A,1032228752,1,19.9,4.1
AHB48_417829816-L_C,1031968057,3,39.9,8.1
AHB50Q_417888656-L_C,1032148059,3,39.9,8.1
AHB52_577491474-L_A,1034183176,1,10,4.8
AHB66_417698265-L_B,1031472308,2,4,1.9
13N223_417696986-L_A,1031428998,1,6,2.9
13N223_417696986-L_B,1031428998,2,6,2.9
13N223_417696986-L_C,1031428998,3,6,2.9
AHB75_417889176-L_A,1032181759,1,66.6,13.5
AHB71_417830240-L_A,1032005379,1,66.6,13.5
AHB81_417888383-L_A,1032146151,1,39.9,8.1
AHB79_417796577-L_A,1031799795,1,19.9,9.7
AHB88Q_417796325-L_C,1031798029,3,19.9,4.1
AHB90_417751172-L_C,1031524896,3,10,2
AHB92_417698157-L_C,1031471549,3,19.9,4.1
AHB96_417698786-L_C,1031510307,3,15,3
AHB97_417794967-L_C,1031745583,3,15,3
AHC31_417750962-L_B,1031523431,2,4,0.8
AHC32_417697360-L_B,1031431619,2,10,2
AHC40_417796759-L_A,1031835422,1,6,2.9
AHC41_417793730-L_A,1031706866,1,6,2.9
AHC42_417752641-L_A,1031599589,1,19.9,4.1
AHC62_417890255-L_A,1032270896,1,39.9,8.1
AHC53_417795572-L_A,1031779874,1,10,4.8
PG62Q_417796408-L_B,1031798611,2,19.9,4.1
AHC58_417793602-L_B,1031684501,2,19.9,4.1
AHC65_417794975-L_C,1031745640,3,6,1.2
AHC67_417753216-L_C,1031629378,3,15,3
AHC72_417796494-L_C,1031799212,3,19.9,4.1
AHC75_417696735-L_C,1031324185,3,10,2
AHC78_417795325-L_C,1031748092,3,15,3
15FD30_417793948-L_A,1031708394,1,6,2.9
15FD30_417793948-L_B,1031708394,2,6,2.9
15FD30_417793948-L_C,1031708394,3,6,2.9
RV39Q_417793601-L_A,1031684494,1,6,2.9
RV39Q_417793601-L_B,1031684494,2,6,2.9
RV39Q_417793601-L_C,1031684494,3,6,2.9
RV23Q_417828966-L_A,1031923460,1,1.2,0.6
RX12Q_417752213-L_A,1031575123,1,19.9,9.7
BA417_417794178-L_A,1031710005,1,6,2.9
BA417_417794178-L_B,1031710005,2,6,2.9
BA417_417794178-L_C,1031710005,3,6,2.9
RV79Q_417753599-L_A,1031632062,1,29.9,6.1
RV82Q_417794019-L_A,1031708891,1,22.2,-7.5
RV82Q_417794019-L_B,1031708891,2,17.7,15.6
RV83Q_417793635-L_A,1031684731,1,19.9,4.1
RV84Q_417698076-L_A,1031470982,1,39.9,8.1
RV85Q_417794946-L_A,1031745439,1,19.9,4.1
RV86Q_417753238-L_A,1031629537,1,39.9,8.1
RV87Q_417794973-L_A,1031745623,1,29.9,6.1
RV74Q_417752699-L_C,1031600000,3,10,4.8
RV92Q_417753476-L_A,1031631198,1,2.2,3.2
RV92Q_417753476-L_C,1031631198,3,3.8,-0.3
RV94Q_417830315-L_A,1031249685,1,39.9,8.1
5YB97_417831583-L_A,1032074894,1,19.9,4.1
RW42Q_417794701-L_B,1031726547,2,10,2
RW43Q_417796529-L_C,1031799460,3,4,0.8
RW50Q_417751922-L_B,1031564498,2,12.8,-1
RW50Q_417751922-L_C,1031564498,3,7.2,10.6
RW57Q_417830220-L_C,1032005239,3,10,2
RW56Q_417889267-L_C,1032182398,3,19.9,4.1
RW64Q_417751483-L_C,1031561428,3,10,2
RW68Q_417796558-L_B,1031799661,2,10,2
RW69Q_417753456-L_B,1031631058,2,19.9,4.1
RW71Q_417793434-L_B,1031683324,2,19.9,4.1
RW76Q_417753094-L_B,1031602762,2,15,3
RW77Q_417698162-L_B,1031471587,2,15,3
RW83Q_417753920-L_B,1031651482,2,15,3
RW86Q_417793741-L_B,1031706946,2,19.9,4.1
RW88Q_417750652-L_B,1031512668,2,10,2
RW90Q_417751469-L_B,1031561330,2,19.9,4.1
RV07Q_417795029-L_B,1031746019,2,10,2
BCQ40_417887935-L_B,1032117250,2,19.9,9.7
RW95L_417830806-L_B,1032052276,2,10,2
RV05L_417697613-L_B,1031459151,2,10,2
RV03L_417796417-L_B,1031798671,2,19.9,4.1
RV02L_417696628-L_B,1031323438,2,15,3
RV00L_417750387-L_B,1031510813,2,10,2
RU98L_417751490-L_B,1031561474,2,29.9,6.1
RU96L_417796012-L_B,1031782956,2,15,3
RU95L_417753622-L_B,1031632225,2,15,3
RV08L_417752423-L_B,1031576593,2,19.9,4.1
RV12L_417752125-L_B,1031574511,2,19.9,4.1
RV14L_417752326-L_B,1031575917,2,19.9,4.1
RW66Q_417754035-L_C,1031652292,3,10,2
RW97Q_417752982-L_B,1031601980,2,10,2
RW99Q_565854817-L_B,1034021403,2,10,4.8
RX00Q_417697084-L_C,1031429686,3,10,2
RX02Q_417697054-L_B,1031429477,2,10,2
RX05Q_417750906-L_C,1031523039,3,15,3
RV97Q_417753562-L_C,1031631805,3,19.9,4.1
RW03Q_417697969-L_C,1031461648,3,10,2
RW04Q_417796897-L_C,1031836383,3,19.9,4.1
RW06Q_417752110-L_C,1031574402,3,15,3
RW08Q_417750578-L_C,1031512152,3,15,3
RW11Q_417754277-L_C,1031653981,3,15,3
RW13Q_417796857-L_C,1031836103,3,19.9,4.1
RW16Q_417795471-L_C,1031749112,3,15,3
RW19Q_417793815-L_C,1031707461,3,19.9,4.1
RW23Q_417750847-L_C,1031522623,3,15,3
RW25Q_417697366-L_C,1031431663,3,19.9,4.1
RW28Q_417796123-L_C,1031783731,3,10,2
RW30Q_417754632-L_C,1031682232,3,15,3
RW32Q_417795165-L_C,1031746967,3,19.9,4.1
RX08Q_417751793-L_C,1031563599,3,10,2
RV95Q_566203394-L_A,1031322850,1,10,4.8
RV91Q_417890407-L_A,1032271960,1,10,4.8
RV91Q_417890407-L_B,1032271960,2,10,4.8
RV91Q_417890407-L_C,1032271960,3,10,4.8
RV25Q_417698268-L_B,1031472324,2,4,1.9
RV42Q_417796105-L_A,1031783605,1,19.9,9.7
RV42Q_417796105-L_B,1031783605,2,19.9,9.7
RV42Q_417796105-L_C,1031783605,3,19.9,9.7
RV44Q_417698449-L_A,1031473596,1,10,4.8
RV44Q_417698449-L_B,1031473596,2,10,4.8
RV44Q_417698449-L_C,1031473596,3,10,4.8
RV45Q_417751114-L_A,1031524492,1,6,2.9
RV45Q_417751114-L_B,1031524492,2,6,2.9
RV45Q_417751114-L_C,1031524492,3,6,2.9
RV47Q_417795555-L_B,1031779759,2,6.4,-0.5
RV47Q_417795555-L_C,1031779759,3,3.6,5.3
1N5A44_574915098-L_A,1478694813,1,39.9,19.3
1N5A44_574915098-L_B,1478694813,2,39.9,19.3
1N5A44_574915098-L_C,1478694813,3,39.9,19.3
1N5A43_574915100-L_A,1478694836,1,99.7,20.3
1N5A43_574915100-L_B,1478694836,2,99.7,20.3
1N5A43_574915100-L_C,1478694836,3,99.7,20.3
SY17Q_417888891-L_A,1032179767,1,99.7,48.3
SY17Q_417888891-L_B,1032179767,2,99.7,48.3
SY17Q_417888891-L_C,1032179767,3,99.7,48.3
SY21Q_417890731-L_A,1031249682,1,66.5,32.2
SY21Q_417890731-L_B,1031249682,2,66.5,32.2
SY21Q_417890731-L_C,1031249682,3,66.5,32.2
SY20Q_417831640-L_A,1032075293,1,99.7,48.3
SY20Q_417831640-L_B,1032075293,2,99.7,48.3
SY20Q_417831640-L_C,1032075293,3,99.7,48.3
RV48Q_417751311-L_A,1031525873,1,10,4.8
RV48Q_417751311-L_B,1031525873,2,10,4.8
RV48Q_417751311-L_C,1031525873,3,10,4.8
RV49Q_417751876-L_A,1031564179,1,6,2.9
RV49Q_417751876-L_B,1031564179,2,6,2.9
RV49Q_417751876-L_C,1031564179,3,6,2.9
RV51Q_417751004-L_B,1031523725,2,12.8,-0.9
RV51Q_417751004-L_C,1031523725,3,7.2,10.6
RV43Q_417697048-L_A,1031429435,1,19.9,9.7
RV43Q_417697048-L_B,1031429435,2,19.9,9.7
RV43Q_417697048-L_C,1031429435,3,19.9,9.7
RV40L_417753887-L_A,1031651256,1,6,2.9
RV40L_417753887-L_B,1031651256,2,6,2.9
RV40L_417753887-L_C,1031651256,3,6,2.9
AHC82_417754668-L_A,1031249064,1,10,2
PF43L_417754597-L_A,1031681988,1,5.4,7.9
PF43L_417754597-L_C,1031681988,3,9.6,-0.7
PF38L_417751398-L_C,1031560830,3,19.9,4.1
9CQ83_417698748-L_B,1031510041,2,15,3
PF14L_417796740-L_C,1031800934,3,10,2
PF15L_417751759-L_C,1031563357,3,10,2
PF18L_417754183-L_C,1031653327,3,10,2
PF21L_417698560-L_C,1031474370,3,10,2
PF23L_417698459-L_C,1031473666,3,10,2
PF24L_417794438-L_C,1031724702,3,10,2
PF25L_417752974-L_C,1031601924,3,10,2
PF31L_417794675-L_C,1031726361,3,10,2
PF33L_417751459-L_C,1031561257,3,19.9,9.7
PF34L_417752324-L_C,1031575900,3,10,4.8
PF36L_417794637-L_C,1031726097,3,4,1.9
PG97L_417793830-L_B,1031707569,2,15,3
PF02L_417794900-L_B,1031727939,2,10,2
PF03L_417794574-L_B,1031725654,2,15,3
PF08L_417752811-L_B,1031600779,2,19.9,4.1
PG92L_417752886-L_B,1031601308,2,5.6,-1.9
PG92L_417752886-L_C,1031601308,3,4.4,3.9
PG90L_417754323-L_C,1031654303,3,10,2
PG88L_417698442-L_C,1031473545,3,10,2
71L34_417890415-L_A,1032272019,1,39.9,8.1
9DR08_417793926-L_A,1031708240,1,19.9,9.7
12A308_417829063-L_A,1031924140,1,4,1.9
12WT07_417796007-L_A,1031782924,1,6,2.9
12WT07_417796007-L_B,1031782924,2,6,2.9
12WT07_417796007-L_C,1031782924,3,6,2.9
BBY01_417697813-L_A,1031460551,1,10,4.8
9DR11_417796362-L_A,1031798286,1,6.4,-0.5
9DR11_417796362-L_B,1031798286,2,3.6,5.3
PG74L_417795017-L_A,1031745936,1,6,1.2
PF55L_417751937-L_A,1031564607,1,6.4,-0.5
PF55L_417751937-L_B,1031564607,2,3.6,5.3
PF57L_417698571-L_A,1031249055,1,2.2,-0.8
PF57L_417698571-L_B,1031249055,2,1.8,1.6
PF61L_417793471-L_A,1031683581,1,15,3
PF63L_417697677-L_A,1031459602,1,10,2
PF65L_417698282-L_A,1031472426,1,10,4.8
8DE80_417795053-L_A,1031746187,1,10,2
1BRD50_417935873-L_A,1032414173,1,39.9,8.1
1BRD52_417935905-L_A,1032414392,1,39.9,8.1
1BRD53_417935862-L_A,1032414096,1,39.9,8.1
1BRD54_417935817-L_A,1032413779,1,39.9,8.1
RK068_417794156-L_A,1031709846,1,15,3
PF80L_417697508-L_A,1031458420,1,6,1.2
PF83L_417698590-L_A,1031474581,1,10,2
PF84L_417751146-L_A,1031524719,1,2.5,-0.2
PF84L_417751146-L_B,1031524719,2,1.4,2.1
PF85L_417696961-L_A,1031428826,1,6.4,-0.5
PF85L_417696961-L_B,1031428826,2,3.6,5.3
PF86L_417795360-L_A,1031748336,1,6,1.2
PF88L_417795127-L_A,1031746704,1,15,3
PF90L_417796164-L_A,1031796900,1,15,3
PF92L_417698422-L_A,1031473404,1,15,3
PF95L_417795712-L_A,1031780856,1,19.9,4.1
PL00L_417753294-L_A,1031629924,1,10,2
PL03L_417795513-L_A,1031749408,1,15,3
PL07L_417697269-L_A,1031249070,1,10,2
PL09L_568873437-L_A,1034158210,1,10,4.8
PL10L_417795413-L_A,1031748705,1,10,2
7RC57_417793737-L_B,1031706915,2,10,2
BB299_417888624-L_A,1032147840,1,19.9,9.7
BBL23_417829865-L_A,1031968397,1,39.9,19.3
BBL23_417829865-L_B,1031968397,2,39.9,19.3
BBL23_417829865-L_C,1031968397,3,39.9,19.3
BAT01_417829700-L_A,1031967247,1,10,4.8
BAT01_417829700-L_B,1031967247,2,10,4.8
BAT01_417829700-L_C,1031967247,3,10,4.8
BAT00_417890596-L_A,1032273285,1,19.9,9.7
AFB85_417796598-L_A,1031799942,1,39.9,19.3
8GG57_417794024-L_A,1031708927,1,10,4.8
8GG57_417794024-L_B,1031708927,2,10,4.8
8GG57_417794024-L_C,1031708927,3,10,4.8
BBZ71_417753514-L_B,1031631467,2,39.9,19.3
BBZ72_417793899-L_A,1031708047,1,19.9,9.5
BBZ72_417793899-L_B,1031708047,2,20,9.7
BBZ72_417793899-L_C,1031708047,3,19.9,9.7
1D0W32_460754845-L_A,1176521761,1,19.9,9.7
1D0W32_460754845-L_B,1176521761,2,19.9,9.7
1D0W32_460754845-L_C,1176521761,3,19.9,9.7
1H2P07_628512801-L_A,1541395753,1,19.9,9.7
1H2P07_628512801-L_B,1541395753,2,19.9,9.7
1H2P07_628512801-L_C,1541395753,3,19.9,9.7
134H67_417888274-L_A,1032145389,1,39.9,19.3
134H67_417888274-L_B,1032145389,2,39.9,19.3
134H67_417888274-L_C,1032145389,3,39.9,19.3
134J58_417890891-L_A,1032309704,1,10,4.8
1EPC86_458569603-L_A,1171803237,1,39.9,19.3
1EPC86_458569603-L_B,1171803237,2,39.9,19.3
1EPC86_458569603-L_C,1171803237,3,39.9,19.3
96F55_417831079-L_A,1032054189,1,39.9,19.3
96F55_417831079-L_B,1032054189,2,39.9,19.3
96F55_417831079-L_C,1032054189,3,39.9,19.3
8ER90_417829882-L_A,1032002868,1,19.9,9.7
8ER90_417829882-L_B,1032002868,2,19.9,9.7
8ER90_417829882-L_C,1032002868,3,19.9,9.7
AHA91Q_417751645-L_A,1031562563,1,15,3
AHA96_417698832-L_A,1031510626,1,19.9,4.1
AHB03Q_417750537-L_C,1031511863,3,19.9,4.1
AHB05Q_417698805-L_A,1031510435,1,10,2
AHB13Q_417794119-L_C,1031709591,3,29.9,6.1
AHB16_417753831-L_C,1031650862,3,19.9,4.1
AHB07Q_417752017-L_C,1031573756,3,15,3
AHB08Q_417752195-L_C,1031575000,3,10,2
AHB21_417795919-L_C,1031782308,3,15,7.2
AHB25_417752335-L_C,1031575980,3,10,2
AHB28_417753266-L_C,1031629733,3,15,3
AHB30Q_417698138-L_C,1031471419,3,10,2
AHB32_417794509-L_C,1031725204,3,10,2
AHB33_417697809-L_C,1031460528,3,10,2
AHB34_417793508-L_C,1031683844,3,6,1.2
AHB19Q_417794181-L_A,1031710025,1,15,3
AHB46_417889135-L_C,1032181474,3,39.9,8.1
AHB43_417889215-L_A,1032182030,1,29.9,6.1
AHB40_417889995-L_A,1032269081,1,66.6,13.5
AHB37_417829854-L_A,1031968325,1,39.9,8.1
AHB02Q_417793398-L_A,1031683074,1,6,2.9
8DJ39_417794779-L_C,1031727094,3,19.9,4.1
B9D88_417887865-L_C,1032116760,3,29.9,6.1
B9D94_417888731-L_C,1032148584,3,29.9,6.1
AHC27_417891154-L_C,1032311541,3,15,3
AHC25_417830634-L_C,1032051076,3,19.9,4.1
AHC20_417831271-L_C,1032072711,3,19.9,4.1
1GAN04_417890047-L_C,1032269444,3,29.9,6.1
RN443_417887920-L_C,1032117145,3,19.9,4.1
5SF67_417888032-L_C,1032117929,3,19.9,4.1
9CR80_417793448-L_A,1031683424,1,10,4.8
9CR80_417793448-L_B,1031683424,2,10,4.8
9CR80_417793448-L_C,1031683424,3,10,4.8
AFM81Q_417751138-L_B,1031524658,2,10,2
AFL50Q_417752083-L_A,1031574216,1,29.9,14.5
AFL52Q_417829846-L_A,1031968269,1,10,4.8
AFL52Q_417829846-L_B,1031968269,2,10,4.8
AFL52Q_417829846-L_C,1031968269,3,10,4.8
AKZ49_417796363-L_C,1031798295,3,9.6,2
AKZ47_417796247-L_C,1031797481,3,9.6,2
133C90_417796635-L_C,1031800199,3,28.9,5.9
AKZ43_417795355-L_C,1031748301,3,9.6,2
7EP30_417753649-L_A,1031632414,1,5.8,2.8
7EP30_417753649-L_B,1031632414,2,5.8,2.8
7EP30_417753649-L_C,1031632414,3,5.8,2.8
5AM26_417751423-L_A,1031561007,1,9.6,4.7
5AM26_417751423-L_B,1031561007,2,9.6,4.7
5AM26_417751423-L_C,1031561007,3,9.6,4.7
AKZ56_417795043-L_B,1031746118,2,19.3,9.3
114971_417697070-L_A,1031429590,1,19.3,9.3
114971_417697070-L_B,1031429590,2,19.3,9.3
114971_417697070-L_C,1031429590,3,19.3,9.3
AKZ79_417698082-L_B,1031471025,2,9.6,4.7
AKZ83_417698790-L_A,1031510332,1,9.6,4.7
AKZ83_417698790-L_B,1031510332,2,9.6,4.7
AKZ83_417698790-L_C,1031510332,3,9.6,4.7
AKZ85_417794886-L_A,1031727841,1,5.2,7.7
AKZ85_417794886-L_C,1031727841,3,9.2,-0.7
AKZ88_417751279-L_A,1031525649,1,23.2,34.1
AKZ88_417751279-L_C,1031525649,3,41.2,-3
AKZ91_417795336-L_B,1031748169,2,28.9,5.9
BBC17Q_417751095-L_A,1031524361,1,5.8,2.8
BBC17Q_417751095-L_B,1031524361,2,5.8,2.8
BBC17Q_417751095-L_C,1031524361,3,5.8,2.8
HC175_417754452-L_A,1031680975,1,9.2,-0.7
HC175_417754452-L_B,1031680975,2,5.2,7.7
ALN01_417796467-L_A,1031799023,1,6.2,-0.4
ALN01_417796467-L_B,1031799023,2,3.5,5.1
AFL67Q_417754339-L_A,1031654415,1,1.7,1.5
AFL67Q_417754339-L_C,1031654415,3,2.2,-0.7
AFL76Q_417830959-L_C,1032053349,3,28.9,5.9
AFL72Q_417696690-L_A,1031323873,1,28.9,5.9
BBC20Q_417754613-L_B,1031682102,2,28.9,5.9
AFL82Q_417698628-L_B,1031509200,2,3.7,-0.3
AFL82Q_417698628-L_C,1031509200,3,2.1,3.1
BBC22Q_417793485-L_A,1031249094,1,5.2,7.7
BBC22Q_417793485-L_C,1031249094,3,9.2,-0.7
ALU27_417698033-L_A,1031249106,1,9.6,4.7
1ATX13_417794793-L_A,1031727187,1,9.6,4.7
1ATX13_417794793-L_B,1031727187,2,9.6,4.7
1ATX13_417794793-L_C,1031727187,3,9.6,4.7
1B1E09_417828991-L_A,1031923636,1,14.4,7
1B1E09_417828991-L_B,1031923636,2,14.4,7
1B1E09_417828991-L_C,1031923636,3,14.4,7
ALU40_417696993-L_B,1031429050,2,19.3,3.9
BBB53Q_417697191-L_B,1031430438,2,18.5,-1.4
BBB53Q_417697191-L_C,1031430438,3,10.4,15.3
BBW46_417794420-L_C,1031724576,3,9.6,4.7
ALU41_417794096-L_B,1031709431,2,14.4,7
ALU42_417793641-L_C,1031684773,3,9.6,2
ALU44_417794025-L_C,1031708929,3,9.6,4.7
B9E24_417831430-L_A,1031249712,1,19.3,9.3
B9E24_417831430-L_B,1031249712,2,19.3,9.3
B9E24_417831430-L_C,1031249712,3,19.3,9.3
ALU29_417794630-L_A,1031726048,1,14.4,7
ALU47Q_417751703-L_A,1031562970,1,10.4,15.3
ALU47Q_417751703-L_C,1031562970,3,18.5,-1.3
ALU49Q_417752854-L_C,1031601082,3,9.6,4.7
5GN17_417753368-L_C,1031630444,3,9.6,2
ALU57_417751745-L_B,1031563262,2,14.4,2.9
ALU66Q_417751189-L_C,1031525015,3,9.6,4.7
ALU70_417750397-L_C,1031510887,3,19.3,3.9
ALU81_417753130-L_C,1031603012,3,14.4,2.9
B9T17_417830114-L_C,1032004497,3,9.6,2
ALU84_417828951-L_C,1031923353,3,19.3,9.3
ALU87_417751019-L_C,1031523825,3,9.6,2
ALU92_417697442-L_C,1031457956,3,5.8,1.2
ALU94_417795461-L_C,1031749043,3,9.6,2
BCL58Q_417794664-L_C,1031726287,3,19.3,3.9
ALU85_417751905-L_C,1031564383,3,19.3,3.9
ALU77_417794519-L_C,1031725269,3,9.6,2
ALU78Q_417796618-L_C,1031800083,3,14.4,2.9
ALU62_417795021-L_A,1031745961,1,14.4,2.9
ALU60_417796846-L_C,1031836031,3,9.6,4.7
ALU97_417793907-L_A,1031708105,1,14.4,2.9
ALV03_417795812-L_C,1031781557,3,14.4,7
ALV06_417752989-L_C,1031602028,3,14.4,2.9
ALV04_417751512-L_C,1031561632,3,9.6,2
ALV10_417751596-L_C,1031562220,3,14.4,2.9
AFM30Q_417751977-L_C,1031573475,3,5.8,1.2
AFM29Q_417696803-L_C,1031427719,3,9.6,2
ALV15Q_417795839-L_C,1031781743,3,14.4,2.9
AFM14Q_417794510-L_C,1031725209,3,5.8,1.2
AFM15Q_417753361-L_C,1031630393,3,19.3,3.9
AFM18Q_417696988-L_C,1031429015,3,19.3,9.3
12GL20_417890904-L_C,1031249700,3,38.5,18.7
ALV16Q_417794523-L_C,1031725299,3,14.4,7
ALV18_417698224-L_C,1031472016,3,9.6,4.7
ALV19_417696739-L_C,1031322166,3,5.8,1.2
ALV20Q_417753334-L_C,1031630209,3,19.3,3.9
ALV21Q_417698526-L_C,1031474135,3,9.6,4.7
AFM10Q_417752738-L_C,1031600273,3,9.6,2
ALV26_417753934-L_C,1031651580,3,9.6,2
ALV30_417753958-L_C,1031651753,3,19.3,3.9
ANK71_417698108-L_C,1031471206,3,9.6,4.7
ANK72_417698488-L_C,1031473868,3,9.6,2
ANK75Q_417753153-L_C,1031603177,3,14.4,2.9
8C583_417794274-L_C,1031710675,3,9.6,2
ANK80Q_417697928-L_C,1031461356,3,19.3,3.9
ANK85_417696706-L_C,1031323985,3,14.4,2.9
ANK89_417794750-L_C,1031726891,3,14.4,2.9
ANK96Q_417698220-L_C,1031471993,3,9.6,2
ANK74_417750808-L_C,1031522348,3,9.6,2
ALV32_417751690-L_C,1031562874,3,9.6,2
ALV38_417752541-L_C,1031577419,3,9.6,2
ALU98_417698793-L_A,1031510356,1,9.6,2
7ND17_417750677-L_B,1031512843,2,9.6,2
ALV46_417754383-L_B,1031654723,2,9.6,2
ALV56Q_417698617-L_B,1031509119,2,19.3,3.9
ALV57_417698040-L_B,1031470728,2,14.4,2.9
ALV64_417750927-L_B,1031523186,2,9.6,2
ALV65_417752511-L_B,1031577212,2,14.4,2.9
ALV48_417750911-L_A,1031523072,1,14.4,2.9
ALV70_417752834-L_A,1031600942,1,14.4,2.9
ALV73_417796723-L_C,1031800816,3,14.4,2.9
ALV84_417698025-L_A,1031470627,1,14.4,2.9
ALV94_417794917-L_A,1031745235,1,9.6,2
ALV97Q_417750699-L_A,1031513002,1,3.5,5.1
ALV97Q_417750699-L_C,1031513002,3,6.2,-0.4
ALV99_417696639-L_A,1031323518,1,3.5,5.1
ALV99_417696639-L_C,1031323518,3,6.2,-0.4
ALW01_417751289-L_C,1031525720,3,9.6,2
ALW05_417793986-L_C,1031708661,3,19.3,3.9
BBK73_417796400-L_A,1031798552,1,14.4,2.9
18LW29_417889017-L_A,1032180644,1,38.5,7.8
ALV91_417697392-L_A,1031457604,1,9.6,2
ALW11Q_417795659-L_A,1031780487,1,9.6,2
ALW13_417698310-L_A,1031472618,1,9.6,2
ALW15_417750459-L_A,1031511322,1,9.6,4.7
ALW08_417794435-L_A,1031724684,1,9.6,2
ALW21Q_417754000-L_A,1031652045,1,9.6,2
BBK52_417750462-L_B,1031511343,2,9.6,2
ALW29Q_417698293-L_A,1031472503,1,19.3,3.9
ALW32Q_417795776-L_B,1031781302,2,5.8,1.2
ALW35Q_417697407-L_A,1031457712,1,5.8,1.2
ALW37Q_417751754-L_B,1031563325,2,14.4,2.9
ALW38Q_417793787-L_B,1031707268,2,14.4,2.9
ALW39_417750440-L_B,1031511189,2,14.4,2.9
ALW43_417751206-L_B,1031525134,2,9.6,4.7
ALW44_417750601-L_A,1031512315,1,3.7,-0.3
ALW44_417750601-L_B,1031512315,2,2.1,3.1
ALW47_417794442-L_B,1031724733,2,5.8,2.8
ALW48_417753191-L_A,1031629208,1,3.9,0.8
ALW52Q_417796556-L_A,1031799647,1,19.3,3.9
ALW49Q_417753190-L_A,1031603436,1,9.6,2
RN441_417831633-L_A,1032075244,1,19.3,3.9
B9D85_417889642-L_B,1032227963,2,38.5,7.8
B9D83_417829761-L_B,1031967669,2,28.9,5.9
ALW82_417697702-L_A,1031459779,1,9.6,2
ALW87_417794275-L_B,1031710681,2,19.3,3.9
ALW85_417796838-L_B,1031835972,2,3.9,0.8
ALW90_417753871-L_B,1031651141,2,19.3,3.9
ALW89_417697329-L_B,1031431399,2,9.6,4.7
ALW94_417698843-L_A,1031510701,1,16.1,-5.4
ALW94_417698843-L_B,1031510701,2,12.8,11.3
ALW96_417750844-L_A,1031322463,1,14.4,2.9
BDJ74_417888314-L_A,1032145670,1,38.5,7.8
ANH04_417794673-L_A,1031726352,1,2.5,-0.2
ANH04_417794673-L_B,1031726352,2,1.4,2
BA774_417889067-L_A,1032180998,1,19.3,3.9
ANH15_417753314-L_A,1031630069,1,12.3,-0.9
ANH15_417753314-L_B,1031630069,2,7,10.2
8K206_417697291-L_A,1031431138,1,6.2,-0.5
8K206_417697291-L_B,1031431138,2,3.5,5.1
ANH19_417753467-L_A,1031631139,1,19.3,9.3
ANH20_417751769-L_B,1031563429,2,19.3,3.9
ANH26_417751379-L_A,1031560702,1,9.2,-0.7
ANH26_417751379-L_B,1031560702,2,5.2,7.7
ANH29_417753029-L_A,1031602305,1,38.5,7.8
ANH28_417794821-L_A,1031727386,1,9.2,-0.7
ANH28_417794821-L_B,1031727386,2,5.2,7.7
ANH31_417752470-L_A,1031576926,1,21.5,-7.2
ANH31_417752470-L_B,1031576926,2,17,15
ANH30_417796011-L_B,1031782947,2,28.9,5.9
ANH32_417794765-L_B,1031726996,2,19.3,9.3
ANH35_417794054-L_A,1031709136,1,19.3,9.3
1GCY79_457959832-L_A,1171215953,1,9.6,4.7
ANH37_417750825-L_A,1031522469,1,12.3,-0.9
ANH37_417750825-L_B,1031522469,2,7,10.2
BBJ13_417750784-L_A,1031522180,1,6.2,-0.5
BBJ13_417750784-L_B,1031522180,2,3.5,5.1
BCH01Q_417829450-L_A,1031965494,1,38.5,18.7
ALW59_417751994-L_B,1031573594,2,19.3,9.3
ALW65_417750644-L_B,1031512614,2,14.4,2.9
185B57_417890421-L_B,1032272061,2,19.3,3.9
185B59_417830207-L_B,1031249715,2,38.5,7.8
ALW72Q_417794390-L_B,1031724368,2,14.4,2.9
BB908Q_417888364-L_B,1032146015,2,19.3,3.9
ALW76Q_417750979-L_B,1031523550,2,14.4,2.9
185B60_417891003-L_B,1032310488,2,28.9,5.9
ALW68_417752232-L_B,1031575259,2,14.4,2.9
ALW78_417751834-L_B,1031563884,2,19.3,3.9
ALW55_417696666-L_B,1031323704,2,9.6,2
ALW56_417750720-L_A,1031513147,1,8.1,-2.7
ALW56_417750720-L_B,1031513147,2,6.4,5.6
ANH45_417696731-L_B,1031324160,2,9.6,4.7
13EK09_417830163-L_A,1032004840,1,19.3,9.3
13EK09_417830163-L_B,1032004840,2,19.3,9.3
13EK09_417830163-L_C,1032004840,3,19.3,9.3
ANH42Q_417696833-L_B,1031427930,2,38.5,7.8
ANH49_417697394-L_A,1031457620,1,19.3,3.9
BB439Q_417750558-L_A,1031512012,1,38.5,7.8
ANH55_417752462-L_A,1031576871,1,9.6,4.7
ANH58_417795176-L_A,1031747049,1,9.6,2
ANH65Q_417796861-L_A,1031836131,1,9.6,4.7
ANH68_417796283-L_A,1031797733,1,38.5,7.8
ANH71_417753996-L_A,1031652017,1,19.3,3.9
ANH73_417751029-L_A,1031523899,1,9.6,2
ANH78Q_417753300-L_A,1031249097,1,28.9,5.9
ANH62Q_417752733-L_A,1031249100,1,64.3,31.2
ANH83Q_417696752-L_A,1031324307,1,5.2,7.6
ANH83Q_417696752-L_C,1031324307,3,9.2,-0.6
ANH87_417698541-L_B,1031474237,2,6.2,-0.5
ANH87_417698541-L_C,1031474237,3,3.5,5.1
ANH90Q_417795091-L_B,1031746451,2,21.5,-7.3
ANH90Q_417795091-L_C,1031746451,3,17,15.1
14WN12_417753914-L_B,1031651442,2,9.6,4.7
ANH94_417751942-L_B,1031564642,2,9.3,-0.7
ANH94_417751942-L_C,1031564642,3,5.2,7.7
ANH93_417697488-L_B,1031458281,2,12.3,-0.9
ANH93_417697488-L_C,1031458281,3,6.9,10.3
ANH95_417753697-L_B,1031632745,2,9.6,2
1BNR55_417829061-L_A,1031924128,1,9.6,4.7
1BNR55_417829061-L_B,1031924128,2,9.6,4.7
1BNR55_417829061-L_C,1031924128,3,9.6,4.7
ANK02Q_417697492-L_B,1031322181,2,28.9,14
ANH98_417754104-L_B,1031652773,2,64.3,13.1
ANK40_417698093-L_A,1031471104,1,19.2,9.3
ANK40_417698093-L_B,1031471104,2,19.3,9.3
ANK40_417698093-L_C,1031471104,3,19.3,9.4
ANK42Q_417697560-L_B,1031458780,2,3.9,1.9
RV53Q_417752465-L_A,1031576887,1,5.8,2.8
RV53Q_417752465-L_B,1031576887,2,5.8,2.8
RV53Q_417752465-L_C,1031576887,3,5.8,2.8
7G277_417889021-L_A,1032180677,1,9.6,4.7
7G277_417889021-L_B,1032180677,2,9.6,4.7
7G277_417889021-L_C,1032180677,3,9.6,4.7
7G278_417888857-L_A,1032179524,1,64.2,31.1
7G278_417888857-L_B,1032179524,2,64.2,31.1
7G278_417888857-L_C,1032179524,3,64.2,31.1
ANL12Q_417796481-L_A,1031799123,1,38.5,18.6
ANL12Q_417796481-L_B,1031799123,2,38.6,18.6
ANL12Q_417796481-L_C,1031799123,3,38.5,18.8
ANL11Q_417753450-L_A,1031631021,1,9.6,4.6
ANL11Q_417753450-L_B,1031631021,2,9.6,4.7
ANL11Q_417753450-L_C,1031631021,3,9.6,4.7
ANL15_417751045-L_B,1031524007,2,9.6,4.7
ANL16_417697344-L_A,1031431507,1,9.6,4.7
ANL19Q_417794148-L_A,1031709795,1,14.4,7
ANL19Q_417794148-L_B,1031709795,2,14.5,7
ANL19Q_417794148-L_C,1031709795,3,14.4,7
B9D81_417830284-L_A,1032005684,1,19.3,9.3
B9D81_417830284-L_B,1032005684,2,19.3,9.3
B9D81_417830284-L_C,1032005684,3,19.3,9.3
B9D82_417829773-L_A,1031967753,1,19.3,9.3
B9D82_417829773-L_B,1031967753,2,19.3,9.3
B9D82_417829773-L_C,1031967753,3,19.3,9.3
ANL10_417698520-L_A,1031474091,1,14.4,7
ANL10_417698520-L_B,1031474091,2,14.4,7
ANL10_417698520-L_C,1031474091,3,14.4,7
181E72_417696732-L_A,1031324166,1,9.6,4.7
181E72_417696732-L_B,1031324166,2,9.6,4.7
181E72_417696732-L_C,1031324166,3,9.6,4.7
ANL06_417698230-L_B,1031472058,2,3.7,-0.3
ANL06_417698230-L_C,1031472058,3,2.1,3.1
ANL22Q_417796497-L_A,1031799235,1,5.8,2.8
ANL22Q_417796497-L_B,1031799235,2,5.8,2.8
ANL22Q_417796497-L_C,1031799235,3,5.8,2.8
17TH54_417795780-L_A,1031781333,1,9.6,4.7
17TH54_417795780-L_B,1031781333,2,9.6,4.7
17TH54_417795780-L_C,1031781333,3,9.6,4.7
ANL53_417752121-L_A,1031574481,1,14.4,2.9
ANL57_417697650-L_A,1031459413,1,14.4,2.9
ANL60_417794210-L_A,1031710229,1,9.6,2
ANL63_417794651-L_A,1031726198,1,9.6,2
ANL65_417794583-L_A,1031725722,1,19.3,3.9
ANL69Q_417754256-L_A,1031653836,1,14.4,2.9
9PB08_417795397-L_B,1031748591,2,3.7,-0.3
9PB08_417795397-L_C,1031748591,3,2.1,3.1
9NX11_417831642-L_A,1031249706,1,96.3,46.7
9NX11_417831642-L_B,1031249706,2,96.3,46.7
9NX11_417831642-L_C,1031249706,3,96.3,46.7
9NX10_417888657-L_A,1032148070,1,192.6,93.3
9NX10_417888657-L_B,1032148070,2,192.6,93.3
9NX10_417888657-L_C,1032148070,3,192.6,93.3
9NX09_417831935-L_A,1032116003,1,96.3,46.7
9NX09_417831935-L_B,1032116003,2,96.3,46.7
9NX09_417831935-L_C,1032116003,3,96.3,46.7
9NX08_417830258-L_A,1032005505,1,128.4,62.2
9NX08_417830258-L_B,1032005505,2,128.4,62.2
9NX08_417830258-L_C,1032005505,3,128.4,62.2
1K3J00_567984575-L_A,1465009882,1,96.3,46.7
1K3J00_567984575-L_B,1465009882,2,96.3,46.7
1K3J00_567984575-L_C,1465009882,3,96.3,46.7
9NX06_417888091-L_A,1031249703,1,192.6,39.1
9NX06_417888091-L_B,1031249703,2,192.6,39.1
9NX06_417888091-L_C,1031249703,3,192.6,39.1
ANL37Q_417697184-L_A,1031430386,1,19.3,3.9
HBQ75Q_417698300-L_A,1031472550,1,9.6,2
ANL44Q_417796313-L_A,1031797943,1,19.3,3.9
ANL48_417795019-L_A,1031745950,1,19.3,3.9
ANL51_417793910-L_A,1031708128,1,9.6,2
ANH60_417793410-L_A,1031683154,1,3.9,1.9
ANH40_417829021-L_B,1031923846,2,14.4,7
ALU54_417698401-L_A,1031473260,1,14.4,7
HAR46Q_417754289-L_C,1031654067,3,9.6,2
BCG99Q_417890893-L_A,1032309714,1,21.5,-7.2
BCG99Q_417890893-L_B,1032309714,2,17,15
BDJ72_417888578-L_A,1032147513,1,21.5,-7.2
BDJ72_417888578-L_B,1032147513,2,17,15
AKX66Q_417796543-L_A,1031799558,1,46.8,18.5
B9N56_417754453-L_A,1031680980,1,79.1,31.2
17MX14_417697922-L_A,1031461319,1,28.2,11.2
AKX69_417751066-L_A,1031524159,1,25.9,10.2
HC223_417891001-L_A,1032310472,1,186.2,73.6
HC227_417888632-L_A,1032147893,1,111.7,44.1
RK363_417753949-L_A,1031651685,1,67.5,26.7
AKX62_417796728-L_C,1031800850,3,36.2,14.3
AKX60_417698501-L_B,1031473960,2,49.3,19.5
1H6Q31_478502000-L_B,1244483521,2,8.7,3.4
AKX31_417751026-L_C,1031523879,3,31.1,12.3
AKX33_417794428-L_C,1031724634,3,37.9,15
AKX35_535775268-L_C,1034180395,3,0,0
AKX39_417751383-L_C,1031560728,3,28.7,11.3
AKX42_417696717-L_C,1031324064,3,57.3,22.6
AKX48_417889369-L_C,1031249694,3,33.4,13.2
AKX45_417795557-L_C,1031779774,3,17.3,6.9
AKX49_417751666-L_C,1031562709,3,36.9,14.6
AKX28_417750725-L_B,1031513179,2,40.3,15.9
AKX27_417752542-L_B,1031577431,2,35.8,14.2
7LJ08_417697173-L_A,1031430309,1,23.1,9.1
7LJ09_417751541-L_A,1031561835,1,13.7,5.4
AKX19_417753944-L_A,1031651652,1,37,14.6
AKX17_417752575-L_A,1031577660,1,26.4,10.4
AKX04_417754329-L_A,1031654350,1,39.2,15.5
AKX06_417697229-L_A,1031430702,1,26.1,-3.9
AKX06_417697229-L_B,1031430702,2,16.5,20.7
AKX09_417697534-L_B,1031458603,2,28.4,11.2
AKX01Q_417697831-L_C,1031460682,3,11,4.4
ALC97_417794183-L_A,1031710039,1,9.1,11.4
ALC97_417794183-L_C,1031710039,3,14.5,-2.1
ALC70_417752706-L_B,1031600047,2,65.1,25.7
ALC74_417796910-L_B,1031836476,2,22.3,8.8
ALC76_417698028-L_B,1031470644,2,39.9,15.8
ALC80_417793731-L_B,1031706873,2,68,26.9
ALC83_417754636-L_B,1031682260,2,45,17.8
ALC65_417796002-L_C,1031782887,3,34,13.4
7MX43_417889119-L_A,1031249691,1,18.4,7.3
ALC55_417796584-L_C,1031249079,3,70,27.7
ALB91_417795729-L_B,1031780973,2,40.5,16
ALB96_417751005-L_B,1031523727,2,11.9,4.7
ALB97_417795234-L_B,1031747450,2,29.2,11.5
ALB98Q_417753824-L_B,1031650815,2,28.6,11.3
ALC01_417796776-L_B,1031835540,2,29.1,11.5
ALC05_417752367-L_B,1031576204,2,23.7,9.4
ALC08_417754642-L_B,1031682300,2,24.6,9.7
ALC10_417794688-L_B,1031726454,2,26.8,10.6
ALC16_417751716-L_B,1031563061,2,30.9,12.2
ALC19_417753023-L_B,1031602263,2,34.5,13.6
ALC22_417697632-L_B,1031459284,2,18.7,7.4
ALC24_417796259-L_B,1031797570,2,18.2,7.2
ALC25_417698438-L_B,1031473514,2,13.5,5.3
ALC14Q_417796078-L_B,1031783416,2,17.6,7
ALC27_417753319-L_B,1031630099,2,31.2,12.3
ALC30_417754206-L_B,1031653487,2,46.7,18.4
ALC33_417751462-L_B,1031561280,2,33.4,13.2
ALC37_417697341-L_B,1031431485,2,20,7.9
ALC39_417752581-L_B,1031599171,2,26,10.3
ALC41Q_417697591-L_B,1031458999,2,35.6,14.1
ALC44_417750690-L_B,1031512934,2,16.2,6.4
ALC46Q_417794550-L_B,1031725488,2,31.3,12.4
ALC50_417753999-L_B,1031652039,2,44.8,17.7
ALB88_417793652-L_C,1031322568,3,43.2,17.1
ALB84_417796652-L_C,1031800318,3,30.9,12.2
ALB87_417793999-L_C,1031708750,3,0,0
ALB07_417794874-L_A,1031249082,1,22.1,8.7
ALB13Q_417795005-L_A,1031745849,1,28.1,11.1
ALB15_417793944-L_C,1031708364,3,32.3,12.8
ALB18_417750660-L_A,1031512724,1,30.9,12.2
ALB21_417697641-L_C,1031459350,3,31.9,12.6
ALB23_417793988-L_A,1031708674,1,33.5,13.2
ALB29_417698816-L_A,1031510512,1,28.6,11.3
ALB31_417754101-L_A,1031652751,1,12.8,5
ALB33_417753033-L_A,1031602335,1,1.3,1.6
ALB33_417753033-L_C,1031602335,3,2.1,-0.3
ALB34_417752697-L_A,1031599986,1,33.2,13.1
ALB25Q_417753483-L_A,1031631252,1,16.5,6.5
ALB39Q_417795434-L_C,1031748854,3,27,10.7
ALB41_417794569-L_C,1031725623,3,18.7,7.4
ALB52_417750853-L_C,1031522663,3,34.5,13.7
ALB66_417796835-L_C,1031835949,3,0,0
ALB67_417753861-L_C,1031651072,3,33.6,13.3
ALB70_417796040-L_C,1031783152,3,10.9,4.3
ALB72_417796710-L_C,1031800722,3,29.6,11.7
ALB74_417697200-L_C,1031430496,3,31.3,12.4
ALB76_417696912-L_C,1031428482,3,16.5,6.5
HCR64_417753873-L_C,1031651153,3,34.8,13.8
ALB46_417698353-L_C,1031472921,3,40.2,15.9
ALB51_417751812-L_C,1031563728,3,27.8,11
ALB37_417793638-L_C,1031322727,3,26.2,10.4
ALB11_417754265-L_C,1031653899,3,28.9,11.4
ALB01_417752609-L_B,1031599367,2,9.5,3.8
ALA98_417752427-L_C,1031576625,3,37,14.6
ALA99_417750398-L_A,1031510895,1,6,7.6
ALA99_417750398-L_C,1031510895,3,9.7,-1.4
ALA84_417795759-L_B,1031781183,2,8.7,3.4
ALA85_417753788-L_B,1031633382,2,36.8,14.6
ALA87_417697307-L_B,1031431247,2,25.7,10.1
ALA90_417752190-L_B,1031574967,2,28.5,11.3
ALA94_417796803-L_B,1031835729,2,44.7,17.6
ALA79_417751915-L_C,1031564453,3,30.3,12
183577_417890812-L_B,1032309150,2,37,14.6
183580_417831882-L_B,1032115635,2,36.4,14.4
ALA63_417795193-L_A,1031747167,1,17.7,7
ALA63_417795193-L_B,1031747167,2,13.3,5.3
1E5X56_453296173-L_B,1165061445,2,16.4,6.5
ALA56Q_417796085-L_B,1031783468,2,36.1,14.3
ALA59Q_417753998-L_B,1031652032,2,27.6,10.9
ALA61_417751373-L_B,1031560657,2,16.6,6.5
ALA50_417795077-L_B,1031746351,2,26.9,10.6
ALA37_417751049-L_B,1031524039,2,20.1,7.9
ALA38_521133248-L_B,1031800930,2,30,11.9
ALA39_417751109-L_B,1031524455,2,26.1,10.3
ALA41_417751863-L_B,1031564088,2,40,15.8
ALA43_417754164-L_B,1031653192,2,38.7,15.3
ALA46_417750794-L_B,1031522250,2,28.8,11.4
ALA47Q_417753822-L_B,1031650801,2,35.2,13.9
ALA33_417796550-L_C,1031799606,3,43.9,17.4
ALA15_417697170-L_A,1031430291,1,20.1,7.9
ALA19_417795505-L_A,1031749347,1,95,37.5
ALA24_417794764-L_B,1031726988,2,52.7,20.8
ALA26_417793489-L_B,1031683711,2,22.6,8.9
ALA30_417754376-L_B,1031654674,2,68.8,27.2
ALA12_417793768-L_C,1031707133,3,30.9,12.2
ABU43Q_417795649-L_C,1031780418,3,33.6,13.3
ABU42Q_454219375-L_A,1034158335,1,17.9,7.1
ABU39Q_417754635-L_A,1031682254,1,31.3,12.3
ABU33Q_417753249-L_A,1031629614,1,29.5,11.6
1QRY03_565289295-L_A,1469667095,1,0,0
1QRY03_565289295-L_B,1469667095,2,0,0
1QRY03_565289295-L_C,1469667095,3,0,0
1K3A28_527050102-L_A,1362324858,1,0,0
1K3A28_527050102-L_B,1362324858,2,0,0
1K3A28_527050102-L_C,1362324858,3,0,0
1K3A27_527050100-L_A,1362324837,1,0,0
1K3A27_527050100-L_B,1362324837,2,0,0
1K3A27_527050100-L_C,1362324837,3,0,0
1K3A26_527050082-L_A,1362324816,1,10.8,4.3
1K3A26_527050082-L_B,1362324816,2,10.8,4.3
1K3A26_527050082-L_C,1362324816,3,10.8,4.3
ABU27Q_417751493-L_A,1031561500,1,24.5,9.7
ABU25Q_417794118-L_C,1031709583,3,21.2,8.4
ABU23Q_417698103-L_C,1031471169,3,23.5,9.3
ABU21Q_417697865-L_A,1031460915,1,20,7.9
ABU19Q_417793529-L_A,1031683992,1,20.7,8.2
ABU16Q_417696828-L_C,1031427895,3,12,4.7
ABU15Q_417794449-L_A,1031724781,1,10.2,4
ABU13Q_417796698-L_C,1031800641,3,17,6.7
ABU11Q_417753980-L_A,1031651902,1,23.8,9.4
ABT63Q_417794103-L_C,1031709479,3,45.4,18
ABT67Q_417697272-L_C,1031431002,3,27.2,10.8
ABT70Q_417752952-L_C,1031601766,3,17.4,6.9
ABT72Q_417752901-L_C,1031601409,3,29.2,11.6
ABT74Q_417750990-L_C,1031523624,3,30.9,12.2
ABT79Q_417697610-L_C,1031459134,3,15.9,6.3
ABT81Q_417696580-L_C,1031323102,3,23.5,9.3
ABT82Q_417698666-L_C,1031509464,3,23.2,9.2
ABT85Q_417751335-L_C,1031526041,3,24.2,9.6
ABT87Q_417795637-L_C,1031780329,3,30.3,12
ABT89Q_417794549-L_C,1031725479,3,28.8,11.4
ABT93Q_417751588-L_C,1031562163,3,33.8,13.4
ABT77Q_417751933-L_C,1031564579,3,30.1,11.9
ABT96Q_417698605-L_C,1031509035,3,18.2,7.2
ABT98Q_417754502-L_C,1031681324,3,40.2,15.9
ABU03Q_417750514-L_C,1031511707,3,39.8,15.7
ABU05Q_417697554-L_C,1031458738,3,16,6.3
ABU07Q_417698613-L_C,1031509093,3,25.6,10.1
ABT58Q_417697188-L_A,1031430416,1,11.8,4.6
HA642_417795218-L_A,1031747340,1,26.7,10.5
ABT52Q_417752382-L_A,1031576306,1,37.2,14.7
ABT49Q_417697102-L_B,1031429810,2,29.6,11.7
ABT47Q_417795126-L_B,1031746697,2,21.7,8.6
ABT43Q_417697071-L_B,1031429597,2,35.7,14.1
ABV31Q_417890932-L_A,1032309991,1,65.7,25.9
ABV30Q_417829269-L_A,1031964228,1,56.7,22.4
ABV28Q_417830031-L_A,1032003914,1,33.8,13.3
ABV27Q_417887963-L_A,1032117445,1,56.1,22.1
ABV26Q_417830656-L_A,1032051230,1,48.6,19.2
ABV25Q_417888611-L_A,1032147748,1,49.3,19.5
ABV24Q_417889225-L_A,1032182102,1,58.3,23
ABV15Q_417888794-L_A,1032179087,1,67.6,26.7
ABV23Q_417889821-L_A,1031322124,1,32.4,12.8
ABV22Q_417830595-L_A,1032050804,1,41.7,16.5
ABV32Q_417889098-L_A,1032181213,1,53.4,21.1
ABV21Q_417889132-L_A,1032181449,1,58.1,23
ABV19Q_417830618-L_A,1032050965,1,59.6,23.6
ABV17Q_417829383-L_A,1031965023,1,61.9,24.4
RN436_417890708-L_A,1032308419,1,50.8,20.1
ABT40Q_417753714-L_A,1031632867,1,12.5,5
ABT38Q_417698719-L_B,1031509838,2,32.2,12.7
ABT34Q_417750718-L_B,1031513133,2,20.3,8
ABT31Q_417754345-L_A,1031654462,1,32.9,13
ABT28Q_417754413-L_B,1031321122,2,25.1,9.9
ABT25Q_417750848-L_B,1031322643,2,33.9,13.4
ABT22Q_417795650-L_B,1031780423,2,32.7,12.9
ABT18Q_417796009-L_B,1031249091,2,35.9,14.2
ABT13Q_417752595-L_A,1031599272,1,20.5,8.1
ABT11Q_417793898-L_C,1031708042,3,30.2,11.9
ABT08Q_417795626-L_C,1031780257,3,26.5,10.5
ABT06Q_417794667-L_A,1031726310,1,26.9,10.6
ABT04Q_417752925-L_A,1031601577,1,12.2,4.8
ABT02Q_417752588-L_A,1031599222,1,17.6,6.9
ABT00_417752824-L_C,1031600870,3,11.6,4.6
ABS98Q_417753418-L_B,1031630797,2,22.1,8.7
ABS99Q_417754271-L_B,1031653941,2,27.4,10.8
ABS95Q_417754165-L_B,1031249283,2,22.7,9
ABU47Q_417752946-L_A,1031601724,1,38.5,15.2
ABU53Q_417698638-L_A,1031509269,1,33.3,13.1
ABU57Q_417794909-L_A,1031745175,1,29.1,11.5
ABU65Q_417698742-L_A,1031509996,1,35.2,13.9
ABU73Q_417796615-L_A,1031800057,1,46.8,18.5
ABU77Q_417794404-L_A,1031724464,1,29.5,11.6
ABU83Q_417697740-L_A,1031460045,1,32.8,13
ABU87Q_417793764-L_A,1031707104,1,33.3,13.2
ABU91Q_417753052-L_A,1031602468,1,39.1,15.4
ABU75Q_417753316-L_A,1031630080,1,17.4,6.9
ABV07Q_417698342-L_A,1031472842,1,31.1,12.3
ABV11Q_417796298-L_A,1031797843,1,34.5,13.6
ABV35Q_417794149-L_B,1031249292,2,26.4,10.4
ABV37Q_417697233-L_B,1031430731,2,38.5,15.2
112Q22_417888001-L_B,1031248710,2,54.2,21.4
6YH83_417829683-L_B,1031967126,2,46.3,18.3
6YH84_417889080-L_B,1032181089,2,23.1,9.1
6YH81_417829585-L_B,1031966440,2,43.3,17.1
6YH80_417887819-L_B,1032116439,2,39.2,15.5
ABV41Q_417696814-L_B,1031427796,2,24.3,9.6
ABV48Q_417750543-L_B,1031511910,2,32.1,12.7
ABV52Q_417751048-L_B,1031524030,2,30.2,11.9
ABV57Q_417751421-L_B,1031560991,2,30.3,12
HAQ18_417795182-L_B,1031747086,2,14.2,5.6
ABV33Q_417751218-L_B,1031525220,2,22.9,9
ABU70Q_417753553-L_B,1031631739,2,27.5,10.9
ABV58Q_417796375-L_C,1031798377,3,10,3.9
ABV59Q_417750523-L_C,1031511767,3,11.8,4.6
ABV62Q_417753075-L_A,1031249334,1,24.8,9.8
ABV63Q_417750918-L_A,1031523120,1,23.7,9.3
ABV69Q_417794924-L_B,1031745283,2,28.3,11.2
ABV72Q_417753678-L_B,1031249286,2,45.6,18
ABV78Q_417794434-L_B,1031249289,2,16.5,6.5
ABV80Q_417752592-L_B,1031599246,2,11.9,4.7
ABV81Q_417752147-L_B,1031249328,2,18.5,7.3
ABV82Q_417793684-L_B,1031706546,2,18.1,7.2
ABV76Q_417751668-L_B,1031562722,2,52.8,20.9
ABV85Q_417793600-L_B,1031684488,2,18.8,7.4
ABV88Q_417795326-L_B,1031249322,2,10.5,4.1
ABV89Q_417698517-L_B,1031474067,2,24.3,9.6
ABV93Q_417697154-L_B,1031430176,2,36.5,14.4
ABV96Q_417754132-L_B,1031652968,2,21.8,8.6
ABV92Q_417696867-L_B,1031428169,2,7.6,3
ABV99Q_417751498-L_B,1031561532,2,57.4,22.7
ABV68Q_417796081-L_A,1031783442,1,23.2,9.1
ABW02Q_417751616-L_A,1031562361,1,27.8,11
ABW07Q_417796697-L_A,1031800633,1,38.9,15.4
ABW11Q_417796429-L_C,1031798759,3,35.4,14
ABW19Q_417796252-L_A,1031797516,1,23.2,9.1
ABW15Q_417698031-L_C,1031470665,3,36.9,14.6
ABW22Q_417750541-L_A,1031511896,1,12.1,4.8
ABW24Q_417795489-L_A,1031749237,1,38.9,15.4
ABW35Q_417793352-L_A,1031682753,1,20.7,8.2
ABW29Q_417751416-L_C,1031560956,3,19.8,7.8
ABW32Q_417794977-L_C,1031249295,3,24.8,9.8
ABW39Q_417754615-L_C,1031682111,3,31.9,12.6
ABW38Q_417753854-L_A,1031249298,1,24.7,9.8
ABW42Q_417794032-L_B,1031708980,2,36.4,14.4
ABW46Q_417697057-L_A,1031249271,1,16.1,6.3
ABW48Q_417752106-L_C,1031574376,3,26.4,10.4
ABW52Q_417750389-L_A,1031510831,1,34,13.4
ABW56Q_417754109-L_A,1031652810,1,15.9,6.3
ABW60Q_417750783-L_C,1031522177,3,40,15.8
ABW64Q_417752476-L_A,1031576964,1,29.6,11.7
ABW68Q_417794906-L_A,1031745159,1,33.2,13.1
ABW72Q_417793753-L_A,1031707028,1,33,13
ABW76Q_417751484-L_C,1031561432,3,32.2,12.7
181L73_417795089-L_C,1031746440,3,0,0
6D693_417888026-L_C,1031248713,3,77.7,30.7
6D683_417830268-L_C,1032005572,3,92.9,36.7
6D619_417888520-L_C,1032147107,3,74.8,29.6
12R027_417831748-L_B,1032114692,2,74.9,29.6
12R026_417830901-L_B,1032052946,2,74.1,29.3
12R025_417889906-L_B,1032229809,2,63.4,25.1
12R024_417831259-L_B,1032072628,2,70,27.7
12R023_417830482-L_B,1032007073,2,96.7,38.2
12R022_417830594-L_B,1032050795,2,48.2,19.1
6D727_417890363-L_B,1032271655,2,96.5,38.1
AGM92_417754046-L_B,1031652366,2,21.7,8.6
10D428_417889636-L_C,1032227921,3,107.7,42.6
6D617_417831013-L_C,1032053729,3,123.6,48.9
6D615_417830235-L_C,1032005344,3,60.7,24
6D618_417889678-L_C,1032228216,3,106.6,42.1
12R018_417831247-L_B,1031248731,2,56.7,22.4
12R019_417829871-L_B,1032002794,2,58.8,23.2
12R020_417890868-L_B,1032309544,2,61.2,24.2
12R043_417830141-L_B,1032004686,2,64,25.3
6D728_417831424-L_B,1031248743,2,121.1,47.9
6D616_417831858-L_B,1032115464,2,27.5,10.9
AGM90_417796868-L_B,1031836183,2,26.5,10.5
AGM94_417696699-L_C,1031249304,3,17.5,6.9
AGE73Q_417889319-L_C,1032182762,3,51.5,20.4
AGN75_417889911-L_C,1032229846,3,77.1,30.5
AGN71_417829676-L_C,1031967079,3,71.1,28.1
AGN64_417889823-L_C,1032229228,3,84.3,33.4
AGN60_417890653-L_C,1032308039,3,55,21.7
ABM17Q_417753222-L_C,1031629425,3,42.6,16.8
HBP04_417831566-L_A,1032074777,1,60.2,23.8
AGE67Q_417889556-L_A,1032227359,1,77.6,30.6
AGE62Q_417888385-L_A,1032146162,1,98.2,38.7
AGE53Q_417890337-L_A,1032271474,1,67.1,26.5
AGE52Q_417889716-L_A,1032228479,1,112.1,44.2
HBC67_417830903-L_A,1032052957,1,104.2,41.1
HBE56_417830789-L_A,1032052162,1,58.7,23.2
AGE51Q_417830445-L_A,1032006811,1,61.3,24.2
AGE59Q_417887872-L_A,1032116808,1,68.1,26.9
ABW86Q_417752030-L_A,1031249274,1,39.9,15.7
AGE75Q_417889209-L_A,1032181992,1,95.2,37.6
ABW91Q_417754330-L_A,1031654352,1,41.4,16.3
ABW92Q_417796262-L_C,1031797590,3,71.1,28.1
AGE01Q_417753558-L_A,1031631775,1,0,0
AGE79Q_417830822-L_B,1032052388,2,110.1,43.5
AGE76Q_417829669-L_B,1031967025,2,114.8,45.4
AGE03Q_417754565-L_C,1031681763,3,59.3,23.5
AGE82Q_417889423-L_B,1032226429,2,64.4,25.5
AGE81Q_417831094-L_B,1032054294,2,98.5,38.9
180G00_417831537-L_A,1032074571,1,34.8,13.7
HBP05_417888343-L_A,1032145872,1,115.7,45.7
HBP06_417888894-L_A,1032179788,1,108.8,42.9
HBP07_417831252-L_A,1032072577,1,96.8,38.2
AGE30Q_417829174-L_A,1031924917,1,48.4,19.1
AGE30Q_417829174-L_B,1031924917,2,48.4,19.1
AGE30Q_417829174-L_C,1031924917,3,48.4,19.2
AGE24Q_417831275-L_A,1032072739,1,97.9,38.7
AGE24Q_417831275-L_B,1032072739,2,98,38.7
AGE24Q_417831275-L_C,1032072739,3,97.9,38.7
AGE15Q_417888668-L_A,1032148148,1,7.7,3.1
AGE15Q_417888668-L_B,1032148148,2,7.7,3.1
AGE15Q_417888668-L_C,1032148148,3,7.7,3.1
AGE20Q_417829142-L_A,1031924690,1,78.6,31
AGE20Q_417829142-L_B,1031924690,2,78.7,31.1
AGE20Q_417829142-L_C,1031924690,3,78.7,31.1
HBP02_417829642-L_C,1031966841,3,99.1,39.2
HBP01_417830588-L_C,1032050750,3,144.6,57.2
HBP00_417829926-L_C,1032003181,3,97.6,38.6
HBN99_417831891-L_C,1032115698,3,105,41.5
HBN98_417831936-L_C,1032116012,3,64.2,25.4
HBN97_417829613-L_C,1031966636,3,91.1,36
5GQ89_417890536-L_A,1031248728,1,123.3,48.7
HDS44_417829928-L_A,1032003194,1,129.8,51.2
HDG68_417831245-L_A,1032072530,1,128.8,50.8
AGE09Q_417754320-L_A,1031654284,1,3.7,1.5
AGE50Q_417831082-L_A,1031248779,1,55.2,21.8
AGE50Q_417831082-L_B,1031248779,2,55.2,21.8
AGE50Q_417831082-L_C,1031248779,3,55.2,21.8
AGE35_417752528-L_C,1031577328,3,1.2,0.5
AGE34_417831457-L_A,1032074009,1,40.2,15.9
AGE34_417831457-L_B,1032074009,2,40.2,15.9
AGE34_417831457-L_C,1032074009,3,40.2,15.9
54H05_417889049-L_A,1032180871,1,100.8,39.8
HA517_417888225-L_A,1032145044,1,166.3,65.6
HA33Q_568904066-L_A,1032074403,1,16.6,6.6
HA769_417890816-L_A,1032309178,1,124.3,49.1
HBC08_417890446-L_A,1032272235,1,98.9,39
HBC09_417890556-L_A,1032273006,1,101.8,40.2
54H06_417829532-L_A,1031966071,1,108.9,43
54H07_417796678-L_A,1031800498,1,94.2,37.2
ABW83Q_417794570-L_A,1031249331,1,23.5,9.3
ABW80Q_417753287-L_C,1031629879,3,23.3,9.2
ABU62Q_417754532-L_A,1031322748,1,34.3,13.5
1K3A23_527050060-L_A,1362324726,1,0,0
1K3A23_527050060-L_B,1362324726,2,0,0
1K3A23_527050060-L_C,1362324726,3,0,0
1K3A24_527050062-L_A,1362324774,1,52.6,20.8
1K3A24_527050062-L_B,1362324774,2,52.6,20.8
1K3A24_527050062-L_C,1362324774,3,52.6,20.8
1K3A25_527050080-L_A,1362324795,1,0,0
1K3A25_527050080-L_B,1362324795,2,0,0
1K3A25_527050080-L_C,1362324795,3,0,0
ABU29_417795833-L_A,1031781701,1,33.9,13.4
ABU37Q_417793624-L_A,1031684656,1,37.3,14.7
ALA74_417750909-L_B,1031523059,2,12.3,4.8
ALA75_417752712-L_B,1031600091,2,10.2,4
ALA77_417698547-L_B,1031474282,2,18.1,7.1
183581_417888785-L_B,1032179023,2,37.3,14.7
ALB05_417887863-L_B,1032116746,2,81.3,32.1
ALB78Q_417698032-L_C,1031470676,3,27.6,10.9
ALC52_417753469-L_B,1031631151,2,9.2,3.6
ALN87_417890696-L_C,1031322034,3,37.6,14.9
ALN84_417831931-L_C,1032115977,3,93.7,37
ALN81_417890926-L_C,1032309949,3,84.7,33.5
ALN77_417888361-L_C,1032145999,3,58.1,23
ALN75_417829312-L_C,1031964526,3,42.3,16.7
0EL84_417831740-L_A,1032114641,1,51.5,20.3
0EL87_417831625-L_A,1032075189,1,37.2,14.7
H9L95_417890973-L_A,1032310279,1,72.2,28.5
H9L94_417830100-L_A,1032004396,1,56.8,22.5
H9L91_417891135-L_A,1032311408,1,50.4,19.9
H9L89_417831687-L_A,1032075619,1,38,15
AKZ76_417888459-L_B,1032146683,2,44.7,17.6
AKZ71_417831932-L_B,1032115980,2,40.5,16
AKZ67_417830922-L_B,1032053091,2,36,14.2
AKZ64_417891022-L_B,1032310619,2,34.3,13.6
AKZ62_417830028-L_B,1032003890,2,42.2,16.7
AKZ61_417829931-L_B,1032003216,2,57.1,22.5
HCZ84Q_417890662-L_B,1032308102,2,169.4,66.9
HCZ82Q_417829964-L_B,1031322583,2,100.6,39.8
